Matchday,GameID,FileName,PlayerName,Won,Role,Race,GameWinner
20250506,20250506_1,"195415,斗地主Doudizhu 4.42.rep",GGrush_Doudizhu,1,地主,P,地主
20250506,20250506_1,"195415,斗地主Doudizhu 4.42.rep",wohaopa,1,地主,Z,地主
20250506,20250506_1,"195415,斗地主Doudizhu 4.42.rep",SupeRocK,1,地主,Z,地主
20250506,20250506_1,"195415,斗地主Doudizhu 4.42.rep",nianqing,0,富农,P,地主
20250506,20250506_1,"195415,斗地主Doudizhu 4.42.rep",do''do,0,贫农,T,地主
20250506,20250506_1,"195415,斗地主Doudizhu 4.42.rep",Flashback..,0,贫农,T,地主
20250506,20250506_1,"195415,斗地主Doudizhu 4.42.rep",wuenbin1980,0,贫农,P,地主
20250506,20250506_1,"195415,斗地主Doudizhu 4.42.rep",44ikljli,0,贫农,T,地主
20250506,20250506_2,"200759,斗地主Doudizhu 4.42.rep",VGer_Whc,1,地主,P,地主
20250506,20250506_2,"200759,斗地主Doudizhu 4.42.rep",wudidaJB,1,地主,P,地主
20250506,20250506_2,"200759,斗地主Doudizhu 4.42.rep",GGrush_Doudizhu,1,地主,T,地主
20250506,20250506_2,"200759,斗地主Doudizhu 4.42.rep",lansoov,0,富农,P,地主
20250506,20250506_2,"200759,斗地主Doudizhu 4.42.rep",do''do,0,贫农,T,地主
20250506,20250506_2,"200759,斗地主Doudizhu 4.42.rep",nianqing,0,贫农,P,地主
20250506,20250506_2,"200759,斗地主Doudizhu 4.42.rep",Flashback..,0,贫农,Z,地主
20250506,20250506_2,"200759,斗地主Doudizhu 4.42.rep",wuenbin1980,0,贫农,P,地主
20250506,20250506_3,"203153,斗地主Doudizhu 4.42.rep",lansoov,1,地主,T,地主
20250506,20250506_3,"203153,斗地主Doudizhu 4.42.rep",SupeRocK,1,地主,Z,地主
20250506,20250506_3,"203153,斗地主Doudizhu 4.42.rep",44ikljli,1,地主,P,地主
20250506,20250506_3,"203153,斗地主Doudizhu 4.42.rep",Flashback..,0,富农,P,地主
20250506,20250506_3,"203153,斗地主Doudizhu 4.42.rep",FFS-DBS,0,贫农,Z,地主
20250506,20250506_3,"203153,斗地主Doudizhu 4.42.rep",wuenbin1980,0,贫农,P,地主
20250506,20250506_3,"203153,斗地主Doudizhu 4.42.rep",VGer_Whc,0,贫农,P,地主
20250506,20250506_3,"203153,斗地主Doudizhu 4.42.rep",GGrush_Doudizhu,0,贫农,P,地主
20250506,20250506_4,"204407,斗地主Doudizhu 4.42.rep",feifeiht,0,地主,P,农民
20250506,20250506_4,"204407,斗地主Doudizhu 4.42.rep",nianqing,0,地主,P,农民
20250506,20250506_4,"204407,斗地主Doudizhu 4.42.rep",FFS-fly,0,地主,P,农民
20250506,20250506_4,"204407,斗地主Doudizhu 4.42.rep",GGrush_Doudizhu,1,富农,P,农民
20250506,20250506_4,"204407,斗地主Doudizhu 4.42.rep",lansoov,1,贫农,Z,农民
20250506,20250506_4,"204407,斗地主Doudizhu 4.42.rep",44ikljli,1,贫农,P,农民
20250506,20250506_4,"204407,斗地主Doudizhu 4.42.rep",FFS-KaKaRu,1,贫农,Z,农民
20250506,20250506_4,"204407,斗地主Doudizhu 4.42.rep",do''do,1,贫农,T,农民
20250506,20250506_5,"210300,斗地主Doudizhu 4.42.rep",FFS-Open-1,1,地主,P,地主
20250506,20250506_5,"210300,斗地主Doudizhu 4.42.rep",GGrush_Doudizhu,1,地主,T,地主
20250506,20250506_5,"210300,斗地主Doudizhu 4.42.rep",lansoov,1,地主,T,地主
20250506,20250506_5,"210300,斗地主Doudizhu 4.42.rep",SupeRocK,0,富农,Z,地主
20250506,20250506_5,"210300,斗地主Doudizhu 4.42.rep",wuenbin1980,0,贫农,P,地主
20250506,20250506_5,"210300,斗地主Doudizhu 4.42.rep",nianqing,0,贫农,Z,地主
20250506,20250506_5,"210300,斗地主Doudizhu 4.42.rep",do''do,0,贫农,T,地主
20250506,20250506_5,"210300,斗地主Doudizhu 4.42.rep",FFS-DBS,0,贫农,P,地主
20250506,20250506_6,"211807,斗地主Doudizhu 4.42.rep",LawyerChen,0,地主,P,农民
20250506,20250506_6,"211807,斗地主Doudizhu 4.42.rep",FFS-fly,0,地主,P,农民
20250506,20250506_6,"211807,斗地主Doudizhu 4.42.rep",VGer_Whc,0,地主,P,农民
20250506,20250506_6,"211807,斗地主Doudizhu 4.42.rep",lansoov,1,富农,P,农民
20250506,20250506_6,"211807,斗地主Doudizhu 4.42.rep",do''do,1,贫农,T,农民
20250506,20250506_6,"211807,斗地主Doudizhu 4.42.rep",lxllll,1,贫农,T,农民
20250506,20250506_6,"211807,斗地主Doudizhu 4.42.rep",FFS-DBS,1,贫农,P,农民
20250506,20250506_6,"211807,斗地主Doudizhu 4.42.rep",GGrush_Doudizhu,1,贫农,T,农民
20250506,20250506_7,"213337,斗地主Doudizhu 4.42.rep",lansoov,1,地主,P,地主
20250506,20250506_7,"213337,斗地主Doudizhu 4.42.rep",SupeRocK,1,地主,Z,地主
20250506,20250506_7,"213337,斗地主Doudizhu 4.42.rep",FFS-Open-1,1,地主,P,地主
20250506,20250506_7,"213337,斗地主Doudizhu 4.42.rep",lxllll,0,富农,P,地主
20250506,20250506_7,"213337,斗地主Doudizhu 4.42.rep",GGrush_Doudizhu,0,贫农,P,地主
20250506,20250506_7,"213337,斗地主Doudizhu 4.42.rep",VGer_Whc,0,贫农,Z,地主
20250506,20250506_7,"213337,斗地主Doudizhu 4.42.rep",FFS-fly,0,贫农,P,地主
20250506,20250506_7,"213337,斗地主Doudizhu 4.42.rep",NiceBird,0,贫农,T,地主
20250506,20250506_8,"214742,斗地主Doudizhu 4.42.rep",GGrush_Doudizhu,0,地主,T,农民
20250506,20250506_8,"214742,斗地主Doudizhu 4.42.rep",44ikljli,0,地主,P,农民
20250506,20250506_8,"214742,斗地主Doudizhu 4.42.rep",lxllll,0,地主,Z,农民
20250506,20250506_8,"214742,斗地主Doudizhu 4.42.rep",NiceBird,1,富农,Z,农民
20250506,20250506_8,"214742,斗地主Doudizhu 4.42.rep",lansoov,1,贫农,T,农民
20250506,20250506_8,"214742,斗地主Doudizhu 4.42.rep",wuenbin1980,1,贫农,P,农民
20250506,20250506_8,"214742,斗地主Doudizhu 4.42.rep",SupeRocK,1,贫农,P,农民
20250506,20250506_8,"214742,斗地主Doudizhu 4.42.rep",SC==G0D~,1,贫农,Z,农民
20250506,20250506_9,"220221,斗地主Doudizhu 4.42.rep",GGrush_Doudizhu,1,地主,P,地主
20250506,20250506_9,"220221,斗地主Doudizhu 4.42.rep",FFS-fly,1,地主,P,地主
20250506,20250506_9,"220221,斗地主Doudizhu 4.42.rep",lansoov,1,地主,T,地主
20250506,20250506_9,"220221,斗地主Doudizhu 4.42.rep",SupeRocK,0,富农,Z,地主
20250506,20250506_9,"220221,斗地主Doudizhu 4.42.rep",44ikljli,0,贫农,P,地主
20250506,20250506_9,"220221,斗地主Doudizhu 4.42.rep",SC==G0D~,0,贫农,Z,地主
20250506,20250506_9,"220221,斗地主Doudizhu 4.42.rep",NiceBird,0,贫农,T,地主
20250506,20250506_9,"220221,斗地主Doudizhu 4.42.rep",FFS-DBS,0,贫农,P,地主
20250506,20250506_10,"222217,斗地主Doudizhu 4.42.rep",FFS-fly,1,地主,P,地主
20250506,20250506_10,"222217,斗地主Doudizhu 4.42.rep",GGrush_Doudizhu,1,地主,P,地主
20250506,20250506_10,"222217,斗地主Doudizhu 4.42.rep",lxllll,1,地主,Z,地主
20250506,20250506_10,"222217,斗地主Doudizhu 4.42.rep",NiceBird,0,富农,Z,地主
20250506,20250506_10,"222217,斗地主Doudizhu 4.42.rep",wuenbin1980,0,贫农,P,地主
20250506,20250506_10,"222217,斗地主Doudizhu 4.42.rep",44ikljli,0,贫农,T,地主
20250506,20250506_10,"222217,斗地主Doudizhu 4.42.rep",SC==G0D~,0,贫农,Z,地主
20250506,20250506_10,"222217,斗地主Doudizhu 4.42.rep",do''do,0,贫农,T,地主
20250506,20250506_11,"223127,斗地主Doudizhu 4.42.rep",SC==G0D~,1,地主,Z,地主
20250506,20250506_11,"223127,斗地主Doudizhu 4.42.rep",lansoov,1,地主,Z,地主
20250506,20250506_11,"223127,斗地主Doudizhu 4.42.rep",FFS-fly,1,地主,P,地主
20250506,20250506_11,"223127,斗地主Doudizhu 4.42.rep",lxllll,0,富农,P,地主
20250506,20250506_11,"223127,斗地主Doudizhu 4.42.rep",GGrush_Doudizhu,0,贫农,T,地主
20250506,20250506_11,"223127,斗地主Doudizhu 4.42.rep",NiceBird,0,贫农,T,地主
20250506,20250506_11,"223127,斗地主Doudizhu 4.42.rep",VVVVVVVVVMVVVVV,0,贫农,P,地主
20250506,20250506_11,"223127,斗地主Doudizhu 4.42.rep",wuenbin1980,0,贫农,P,地主
20250506,20250506_12,"225107,斗地主Doudizhu 4.42.rep",lansoov,1,地主,Z,地主
20250506,20250506_12,"225107,斗地主Doudizhu 4.42.rep",FFS-fly,1,地主,P,地主
20250506,20250506_12,"225107,斗地主Doudizhu 4.42.rep",SC==G0D~,1,地主,Z,地主
20250506,20250506_12,"225107,斗地主Doudizhu 4.42.rep",GGrush_Doudizhu,0,富农,P,地主
20250506,20250506_12,"225107,斗地主Doudizhu 4.42.rep",do''do,0,贫农,T,地主
20250506,20250506_12,"225107,斗地主Doudizhu 4.42.rep",VVVVVVVVVMVVVVV,0,贫农,P,地主
20250506,20250506_12,"225107,斗地主Doudizhu 4.42.rep",FFS-DBS,0,贫农,T,地主
20250506,20250506_12,"225107,斗地主Doudizhu 4.42.rep",wuenbin1980,0,贫农,P,地主
20250506,20250506_13,"230121,斗地主Doudizhu 4.42.rep",SC==G0D~,0,地主,Z,农民
20250506,20250506_13,"230121,斗地主Doudizhu 4.42.rep",GGrush_Doudizhu,0,地主,P,农民
20250506,20250506_13,"230121,斗地主Doudizhu 4.42.rep",FFS-Open-1,0,地主,Z,农民
20250506,20250506_13,"230121,斗地主Doudizhu 4.42.rep",lansoov,1,富农,P,农民
20250506,20250506_13,"230121,斗地主Doudizhu 4.42.rep",FFS-DBS,1,贫农,P,农民
20250506,20250506_13,"230121,斗地主Doudizhu 4.42.rep",VVVVVVVVVMVVVVV,1,贫农,P,农民
20250506,20250506_13,"230121,斗地主Doudizhu 4.42.rep",do''do,1,贫农,Z,农民
20250506,20250506_13,"230121,斗地主Doudizhu 4.42.rep",FFS_Stefsunli,1,贫农,Z,农民
20250506,20250506_14,"231557,斗地主Doudizhu 4.42.rep",FFS-Open-1,0,地主,T,农民
20250506,20250506_14,"231557,斗地主Doudizhu 4.42.rep",SC==G0D~,0,地主,Z,农民
20250506,20250506_14,"231557,斗地主Doudizhu 4.42.rep",lxllll,0,地主,Z,农民
20250506,20250506_14,"231557,斗地主Doudizhu 4.42.rep",SupeRocK,1,富农,Z,农民
20250506,20250506_14,"231557,斗地主Doudizhu 4.42.rep",FFS_Stefsunli,1,贫农,T,农民
20250506,20250506_14,"231557,斗地主Doudizhu 4.42.rep",do''do,1,贫农,T,农民
20250506,20250506_14,"231557,斗地主Doudizhu 4.42.rep",GGrush_Doudizhu,1,贫农,T,农民
20250506,20250506_14,"231557,斗地主Doudizhu 4.42.rep",lansoov,1,贫农,P,农民
20250506,20250506_15,"232244,斗地主Doudizhu 4.42.rep",FFS-Open-1,0,地主,T,农民
20250506,20250506_15,"232244,斗地主Doudizhu 4.42.rep",SC==G0D~,0,地主,Z,农民
20250506,20250506_15,"232244,斗地主Doudizhu 4.42.rep",SupeRocK,0,地主,Z,农民
20250506,20250506_15,"232244,斗地主Doudizhu 4.42.rep",GGrush_Doudizhu,1,富农,Z,农民
20250506,20250506_15,"232244,斗地主Doudizhu 4.42.rep",FFS_Stefsunli,1,贫农,P,农民
20250506,20250506_15,"232244,斗地主Doudizhu 4.42.rep",lxllll,1,贫农,Z,农民
20250506,20250506_15,"232244,斗地主Doudizhu 4.42.rep",lansoov,1,贫农,T,农民
20250506,20250506_15,"232244,斗地主Doudizhu 4.42.rep",FFS-DBS,1,贫农,P,农民
20250508,20250508_1,"194843,斗地主Doudizhu 4.42.rep",lansoov,0,地主,T,农民
20250508,20250508_1,"194843,斗地主Doudizhu 4.42.rep",tuyukoreasex,0,地主,P,农民
20250508,20250508_1,"194843,斗地主Doudizhu 4.42.rep",digua,0,地主,P,农民
20250508,20250508_1,"194843,斗地主Doudizhu 4.42.rep",FoR_TVSPZ,1,富农,P,农民
20250508,20250508_1,"194843,斗地主Doudizhu 4.42.rep",Quakextm,1,贫农,P,农民
20250508,20250508_1,"194843,斗地主Doudizhu 4.42.rep",do''do,1,贫农,Z,农民
20250508,20250508_1,"194843,斗地主Doudizhu 4.42.rep",FFS-fly,1,贫农,P,农民
20250508,20250508_1,"194843,斗地主Doudizhu 4.42.rep",GGrush_Doudizhu,1,贫农,T,农民
20250508,20250508_2,"200909,斗地主Doudizhu 4.42.rep",GGrush_Doudizhu,1,地主,P,地主
20250508,20250508_2,"200909,斗地主Doudizhu 4.42.rep",FFS-fly,1,地主,P,地主
20250508,20250508_2,"200909,斗地主Doudizhu 4.42.rep",tuyukoreasex,1,地主,Z,地主
20250508,20250508_2,"200909,斗地主Doudizhu 4.42.rep",VGer_Whc,0,富农,P,地主
20250508,20250508_2,"200909,斗地主Doudizhu 4.42.rep",do''do,0,贫农,Z,地主
20250508,20250508_2,"200909,斗地主Doudizhu 4.42.rep",Quakextm,0,贫农,P,地主
20250508,20250508_2,"200909,斗地主Doudizhu 4.42.rep",44ikljli,0,贫农,T,地主
20250508,20250508_2,"200909,斗地主Doudizhu 4.42.rep",lansoov,0,贫农,P,地主
20250508,20250508_3,"202504,斗地主Doudizhu 4.42.rep",GGrush_Doudizhu,0,地主,T,农民
20250508,20250508_3,"202504,斗地主Doudizhu 4.42.rep",FFS-fly,0,地主,P,农民
20250508,20250508_3,"202504,斗地主Doudizhu 4.42.rep",tuyukoreasex,0,地主,P,农民
20250508,20250508_3,"202504,斗地主Doudizhu 4.42.rep",IKILllIII,1,富农,Z,农民
20250508,20250508_3,"202504,斗地主Doudizhu 4.42.rep",44ikljli,1,贫农,T,农民
20250508,20250508_3,"202504,斗地主Doudizhu 4.42.rep",FFS-Open-1,1,贫农,Z,农民
20250508,20250508_3,"202504,斗地主Doudizhu 4.42.rep",FFS-KaKaRu,1,贫农,T,农民
20250508,20250508_3,"202504,斗地主Doudizhu 4.42.rep",Luckyy2023,1,贫农,Z,农民
20250508,20250508_4,"203347,斗地主Doudizhu 4.42.rep",VGer_Whc,1,地主,P,地主
20250508,20250508_4,"203347,斗地主Doudizhu 4.42.rep",lansoov,1,地主,T,地主
20250508,20250508_4,"203347,斗地主Doudizhu 4.42.rep",IKILllIII,1,地主,P,地主
20250508,20250508_4,"203347,斗地主Doudizhu 4.42.rep",FFS-fly,0,富农,Z,地主
20250508,20250508_4,"203347,斗地主Doudizhu 4.42.rep",nianqing,0,贫农,T,地主
20250508,20250508_4,"203347,斗地主Doudizhu 4.42.rep",GGrush_Doudizhu,0,贫农,T,地主
20250508,20250508_4,"203347,斗地主Doudizhu 4.42.rep",tuyukoreasex,0,贫农,P,地主
20250508,20250508_4,"203347,斗地主Doudizhu 4.42.rep",FFS-DBS,0,贫农,Z,地主
20250508,20250508_5,"210056,斗地主Doudizhu 4.42.rep",FFS-fly,1,地主,P,地主
20250508,20250508_5,"210056,斗地主Doudizhu 4.42.rep",44ikljli,1,地主,P,地主
20250508,20250508_5,"210056,斗地主Doudizhu 4.42.rep",lansoov,1,地主,T,地主
20250508,20250508_5,"210056,斗地主Doudizhu 4.42.rep",GGrush_Doudizhu,0,富农,P,地主
20250508,20250508_5,"210056,斗地主Doudizhu 4.42.rep",tuyukoreasex,0,贫农,P,地主
20250508,20250508_5,"210056,斗地主Doudizhu 4.42.rep",VGer_Whc,0,贫农,Z,地主
20250508,20250508_5,"210056,斗地主Doudizhu 4.42.rep",nianqing,0,贫农,P,地主
20250508,20250508_5,"210056,斗地主Doudizhu 4.42.rep",Luckyy2023,0,贫农,Z,地主
20250508,20250508_6,"212336,斗地主Doudizhu 4.42.rep",FFS-fly,0,地主,P,农民
20250508,20250508_6,"212336,斗地主Doudizhu 4.42.rep",Luckyy2023,0,地主,P,农民
20250508,20250508_6,"212336,斗地主Doudizhu 4.42.rep",GGrush_Doudizhu,0,地主,Z,农民
20250508,20250508_6,"212336,斗地主Doudizhu 4.42.rep",lansoov,1,富农,P,农民
20250508,20250508_6,"212336,斗地主Doudizhu 4.42.rep",bao'lixiao'di,1,贫农,P,农民
20250508,20250508_6,"212336,斗地主Doudizhu 4.42.rep",FFS-no.1,1,贫农,T,农民
20250508,20250508_6,"212336,斗地主Doudizhu 4.42.rep",VGer_Whc,1,贫农,T,农民
20250508,20250508_6,"212336,斗地主Doudizhu 4.42.rep",tuyukoreasex,1,贫农,T,农民
20250508,20250508_7,"213824,斗地主Doudizhu 4.42.rep",44ikljli,1,地主,P,地主
20250508,20250508_7,"213824,斗地主Doudizhu 4.42.rep",FFS-fly,1,地主,Z,地主
20250508,20250508_7,"213824,斗地主Doudizhu 4.42.rep",lansoov,1,地主,P,地主
20250508,20250508_7,"213824,斗地主Doudizhu 4.42.rep",VGer_Whc,0,富农,P,地主
20250508,20250508_7,"213824,斗地主Doudizhu 4.42.rep",FFS-no.1,0,贫农,P,地主
20250508,20250508_7,"213824,斗地主Doudizhu 4.42.rep",tuyukoreasex,0,贫农,Z,地主
20250508,20250508_7,"213824,斗地主Doudizhu 4.42.rep",nianqing,0,贫农,P,地主
20250508,20250508_7,"213824,斗地主Doudizhu 4.42.rep",GGrush_Doudizhu,0,贫农,T,地主
20250508,20250508_8,"214906,斗地主Doudizhu 4.42.rep",lxllll,0,地主,Z,农民
20250508,20250508_8,"214906,斗地主Doudizhu 4.42.rep",tuyukoreasex,0,地主,T,农民
20250508,20250508_8,"214906,斗地主Doudizhu 4.42.rep",GGrush_Doudizhu,0,地主,P,农民
20250508,20250508_8,"214906,斗地主Doudizhu 4.42.rep",FoR_TVSPZ,1,富农,P,农民
20250508,20250508_8,"214906,斗地主Doudizhu 4.42.rep",lansoov,1,贫农,T,农民
20250508,20250508_8,"214906,斗地主Doudizhu 4.42.rep",FFS-no.1,1,贫农,Z,农民
20250508,20250508_8,"214906,斗地主Doudizhu 4.42.rep",44ikljli,1,贫农,P,农民
20250508,20250508_8,"214906,斗地主Doudizhu 4.42.rep",VVVVVVVVVMVVVVV,1,贫农,P,农民
20250508,20250508_9,"220557,斗地主Doudizhu 4.42.rep",VGer_Whc,0,地主,P,农民
20250508,20250508_9,"220557,斗地主Doudizhu 4.42.rep",Luckyy2023,0,地主,P,农民
20250508,20250508_9,"220557,斗地主Doudizhu 4.42.rep",lansoov,0,地主,T,农民
20250508,20250508_9,"220557,斗地主Doudizhu 4.42.rep",FoR_TVSPZ,1,富农,P,农民
20250508,20250508_9,"220557,斗地主Doudizhu 4.42.rep",FFS-no.1,1,贫农,P,农民
20250508,20250508_9,"220557,斗地主Doudizhu 4.42.rep",ctrl+Q++Q,1,贫农,T,农民
20250508,20250508_9,"220557,斗地主Doudizhu 4.42.rep",GGrush_Doudizhu,1,贫农,T,农民
20250508,20250508_9,"220557,斗地主Doudizhu 4.42.rep",44ikljli,1,贫农,T,农民
20250508,20250508_10,"223127,斗地主Doudizhu 4.42.rep",lansoov,0,地主,T,农民
20250508,20250508_10,"223127,斗地主Doudizhu 4.42.rep",FFS-fly,0,地主,Z,农民
20250508,20250508_10,"223127,斗地主Doudizhu 4.42.rep",tuyukoreasex,0,地主,P,农民
20250508,20250508_10,"223127,斗地主Doudizhu 4.42.rep",VGer_Whc,1,富农,P,农民
20250508,20250508_10,"223127,斗地主Doudizhu 4.42.rep",FFS-no.1,1,贫农,P,农民
20250508,20250508_10,"223127,斗地主Doudizhu 4.42.rep",VVVVVVVVVMVVVVV,1,贫农,P,农民
20250508,20250508_10,"223127,斗地主Doudizhu 4.42.rep",ctrl+Q++Q,1,贫农,T,农民
20250508,20250508_10,"223127,斗地主Doudizhu 4.42.rep",FFS_Stefsunli,1,贫农,T,农民
20250508,20250508_11,"230304,斗地主Doudizhu 4.42.rep",FFS-fly,1,地主,Z,地主
20250508,20250508_11,"230304,斗地主Doudizhu 4.42.rep",GGrush_Doudizhu,1,地主,P,地主
20250508,20250508_11,"230304,斗地主Doudizhu 4.42.rep",lansoov,1,地主,Z,地主
20250508,20250508_11,"230304,斗地主Doudizhu 4.42.rep",tuyukoreasex,0,富农,P,地主
20250508,20250508_11,"230304,斗地主Doudizhu 4.42.rep",ctrl+Q++Q,0,贫农,P,地主
20250508,20250508_11,"230304,斗地主Doudizhu 4.42.rep",FFS_Stefsunli,0,贫农,T,地主
20250508,20250508_11,"230304,斗地主Doudizhu 4.42.rep",FFS-no.1,0,贫农,T,地主
20250508,20250508_11,"230304,斗地主Doudizhu 4.42.rep",TianW,0,贫农,T,地主
20250508,20250508_12,"231535,斗地主Doudizhu 4.42.rep",VGer_Whc,1,地主,P,地主
20250508,20250508_12,"231535,斗地主Doudizhu 4.42.rep",GGrush_Doudizhu,1,地主,P,地主
20250508,20250508_12,"231535,斗地主Doudizhu 4.42.rep",lansoov,1,地主,P,地主
20250508,20250508_12,"231535,斗地主Doudizhu 4.42.rep",TianW,0,富农,P,地主
20250508,20250508_12,"231535,斗地主Doudizhu 4.42.rep",FFS_Stefsunli,0,贫农,Z,地主
20250508,20250508_12,"231535,斗地主Doudizhu 4.42.rep",Koxulka123,0,贫农,P,地主
20250508,20250508_12,"231535,斗地主Doudizhu 4.42.rep",VVVVVVVVVMVVVVV,0,贫农,P,地主
20250508,20250508_12,"231535,斗地主Doudizhu 4.42.rep",ctrl+Q++Q,0,贫农,T,地主
20250508,20250508_13,"232444,斗地主Doudizhu 4.42.rep",ctrl+Q++Q,0,地主,P,农民
20250508,20250508_13,"232444,斗地主Doudizhu 4.42.rep",TianW,0,地主,T,农民
20250508,20250508_13,"232444,斗地主Doudizhu 4.42.rep",lxllll,0,地主,Z,农民
20250508,20250508_13,"232444,斗地主Doudizhu 4.42.rep",44ikljli,1,富农,P,农民
20250508,20250508_13,"232444,斗地主Doudizhu 4.42.rep",VVVVVVVVVMVVVVV,1,贫农,P,农民
20250508,20250508_13,"232444,斗地主Doudizhu 4.42.rep",lansoov,1,贫农,Z,农民
20250508,20250508_13,"232444,斗地主Doudizhu 4.42.rep",tuyukoreasex,1,贫农,T,农民
20250508,20250508_13,"232444,斗地主Doudizhu 4.42.rep",Koxulka123,1,贫农,Z,农民
20250508,20250508_14,"233550,斗地主Doudizhu 4.42.rep",ctrl+Q++Q,0,地主,P,农民
20250508,20250508_14,"233550,斗地主Doudizhu 4.42.rep",tuyukoreasex,0,地主,T,农民
20250508,20250508_14,"233550,斗地主Doudizhu 4.42.rep",44ikljli,0,地主,P,农民
20250508,20250508_14,"233550,斗地主Doudizhu 4.42.rep",GGrush_Doudizhu,1,富农,Z,农民
20250508,20250508_14,"233550,斗地主Doudizhu 4.42.rep",TianW,1,贫农,T,农民
20250508,20250508_14,"233550,斗地主Doudizhu 4.42.rep",lansoov,1,贫农,T,农民
20250508,20250508_14,"233550,斗地主Doudizhu 4.42.rep",lxllll,1,贫农,P,农民
20250508,20250508_14,"233550,斗地主Doudizhu 4.42.rep",SC==G0D~,1,贫农,Z,农民
20250510,20250510_1,"201136,斗地主Doudizhu 4.43.rep",SupeRocK,0,地主,Z,农民
20250510,20250510_1,"201136,斗地主Doudizhu 4.43.rep",Koxulka123,0,地主,Z,农民
20250510,20250510_1,"201136,斗地主Doudizhu 4.43.rep",tuyukoreasex,0,地主,P,农民
20250510,20250510_1,"201136,斗地主Doudizhu 4.43.rep",TianW,1,富农,P,农民
20250510,20250510_1,"201136,斗地主Doudizhu 4.43.rep",lansoov,1,贫农,P,农民
20250510,20250510_1,"201136,斗地主Doudizhu 4.43.rep",FoR_TVSPZ,1,贫农,T,农民
20250510,20250510_1,"201136,斗地主Doudizhu 4.43.rep",44ikljli,1,贫农,T,农民
20250510,20250510_1,"201136,斗地主Doudizhu 4.43.rep",bao'lixiao'di,1,贫农,P,农民
20250510,20250510_2,"203003,斗地主Doudizhu 4.43.rep",SupeRocK,0,地主,Z,农民
20250510,20250510_2,"203003,斗地主Doudizhu 4.43.rep",tuyukoreasex,0,地主,P,农民
20250510,20250510_2,"203003,斗地主Doudizhu 4.43.rep",bao'lixiao'di,0,地主,P,农民
20250510,20250510_2,"203003,斗地主Doudizhu 4.43.rep",TianW,1,富农,P,农民
20250510,20250510_2,"203003,斗地主Doudizhu 4.43.rep",lansoov,1,贫农,T,农民
20250510,20250510_2,"203003,斗地主Doudizhu 4.43.rep",Koxulka123,1,贫农,Z,农民
20250510,20250510_2,"203003,斗地主Doudizhu 4.43.rep",FFS-Open-1,1,贫农,T,农民
20250510,20250510_2,"203003,斗地主Doudizhu 4.43.rep",LawyerChen,1,贫农,P,农民
20250510,20250510_3,"203944,斗地主Doudizhu 4.43.rep",SupeRocK,1,地主,Z,地主
20250510,20250510_3,"203944,斗地主Doudizhu 4.43.rep",lansoov,1,地主,P,地主
20250510,20250510_3,"203944,斗地主Doudizhu 4.43.rep",LawyerChen,1,地主,P,地主
20250510,20250510_3,"203944,斗地主Doudizhu 4.43.rep",TianW,0,富农,P,地主
20250510,20250510_3,"203944,斗地主Doudizhu 4.43.rep",Koxulka123,0,贫农,Z,地主
20250510,20250510_3,"203944,斗地主Doudizhu 4.43.rep",IKILllIII,0,贫农,T,地主
20250510,20250510_3,"203944,斗地主Doudizhu 4.43.rep",bao'lixiao'di,0,贫农,Z,地主
20250510,20250510_3,"203944,斗地主Doudizhu 4.43.rep",tuyukoreasex,0,贫农,Z,地主
20250510,20250510_4,"205330,斗地主Doudizhu 4.43.rep",LawyerChen,1,地主,Z,地主
20250510,20250510_4,"205330,斗地主Doudizhu 4.43.rep",FFS-Open-1,1,地主,P,地主
20250510,20250510_4,"205330,斗地主Doudizhu 4.43.rep",lansoov,1,地主,T,地主
20250510,20250510_4,"205330,斗地主Doudizhu 4.43.rep",tuyukoreasex,0,富农,P,地主
20250510,20250510_4,"205330,斗地主Doudizhu 4.43.rep",TianW,0,贫农,T,地主
20250510,20250510_4,"205330,斗地主Doudizhu 4.43.rep",suaeer,0,贫农,P,地主
20250510,20250510_4,"205330,斗地主Doudizhu 4.43.rep",nianqing,0,贫农,Z,地主
20250510,20250510_4,"205330,斗地主Doudizhu 4.43.rep",bao'lixiao'di,0,贫农,P,地主
20250510,20250510_5,"213045,斗地主Doudizhu 4.43.rep",tuyukoreasex,1,地主,P,地主
20250510,20250510_5,"213045,斗地主Doudizhu 4.43.rep",lxllll,1,地主,Z,地主
20250510,20250510_5,"213045,斗地主Doudizhu 4.43.rep",9527mog,1,地主,P,地主
20250510,20250510_5,"213045,斗地主Doudizhu 4.43.rep",lansoov,0,富农,T,地主
20250510,20250510_5,"213045,斗地主Doudizhu 4.43.rep",FFS-KaKaRu,0,贫农,T,地主
20250510,20250510_5,"213045,斗地主Doudizhu 4.43.rep",FFS_Stefsunli,0,贫农,P,地主
20250510,20250510_5,"213045,斗地主Doudizhu 4.43.rep",wuenbin1980,0,贫农,P,地主
20250510,20250510_5,"213045,斗地主Doudizhu 4.43.rep",44ikljli,0,贫农,Z,地主
20250510,20250510_6,"213936,斗地主Doudizhu 4.43.rep",lxllll,1,地主,Z,地主
20250510,20250510_6,"213936,斗地主Doudizhu 4.43.rep",tuyukoreasex,1,地主,P,地主
20250510,20250510_6,"213936,斗地主Doudizhu 4.43.rep",lansoov,1,地主,P,地主
20250510,20250510_6,"213936,斗地主Doudizhu 4.43.rep",FFS_Stefsunli,0,富农,T,地主
20250510,20250510_6,"213936,斗地主Doudizhu 4.43.rep",9527mog,0,贫农,Z,地主
20250510,20250510_6,"213936,斗地主Doudizhu 4.43.rep",44ikljli,0,贫农,Z,地主
20250510,20250510_6,"213936,斗地主Doudizhu 4.43.rep",wuenbin1980,0,贫农,P,地主
20250510,20250510_6,"213936,斗地主Doudizhu 4.43.rep",FFS-DBS,0,贫农,T,地主
20250510,20250510_7,"215319,斗地主Doudizhu 4.43.rep",lansoov,0,地主,Z,农民
20250510,20250510_7,"215319,斗地主Doudizhu 4.43.rep",tuyukoreasex,0,地主,P,农民
20250510,20250510_7,"215319,斗地主Doudizhu 4.43.rep",lxllll,0,地主,Z,农民
20250510,20250510_7,"215319,斗地主Doudizhu 4.43.rep",paijipao,1,富农,Z,农民
20250510,20250510_7,"215319,斗地主Doudizhu 4.43.rep",FFS-DBS,1,贫农,P,农民
20250510,20250510_7,"215319,斗地主Doudizhu 4.43.rep",FFS_Stefsunli,1,贫农,Z,农民
20250510,20250510_7,"215319,斗地主Doudizhu 4.43.rep",9527mog,1,贫农,T,农民
20250510,20250510_7,"215319,斗地主Doudizhu 4.43.rep",44ikljli,1,贫农,P,农民
20250510,20250510_8,"222314,斗地主Doudizhu 4.43.rep",lansoov,1,地主,T,地主
20250510,20250510_8,"222314,斗地主Doudizhu 4.43.rep",FFS-Open-1,1,地主,P,地主
20250510,20250510_8,"222314,斗地主Doudizhu 4.43.rep",lxllll,1,地主,Z,地主
20250510,20250510_8,"222314,斗地主Doudizhu 4.43.rep",9527mog,0,富农,P,地主
20250510,20250510_8,"222314,斗地主Doudizhu 4.43.rep",tuyukoreasex,0,贫农,Z,地主
20250510,20250510_8,"222314,斗地主Doudizhu 4.43.rep",suaeer,0,贫农,P,地主
20250510,20250510_8,"222314,斗地主Doudizhu 4.43.rep",TianW,0,贫农,T,地主
20250510,20250510_8,"222314,斗地主Doudizhu 4.43.rep",FFS_Stefsunli,0,贫农,T,地主
20250510,20250510_9,"224337,斗地主Doudizhu 4.43.rep",Luckyy2023,0,地主,P,农民
20250510,20250510_9,"224337,斗地主Doudizhu 4.43.rep",9527mog,0,地主,P,农民
20250510,20250510_9,"224337,斗地主Doudizhu 4.43.rep",lxllll,0,地主,Z,农民
20250510,20250510_9,"224337,斗地主Doudizhu 4.43.rep",paijipao,1,富农,Z,农民
20250510,20250510_9,"224337,斗地主Doudizhu 4.43.rep",TianW,1,贫农,P,农民
20250510,20250510_9,"224337,斗地主Doudizhu 4.43.rep",FFS-DBS,1,贫农,P,农民
20250510,20250510_9,"224337,斗地主Doudizhu 4.43.rep",FF-GBLW,1,贫农,T,农民
20250510,20250510_9,"224337,斗地主Doudizhu 4.43.rep",CLOSE777,1,贫农,T,农民
20250510,20250510_10,"230252,斗地主Doudizhu 4.43.rep",lxllll,1,地主,Z,地主
20250510,20250510_10,"230252,斗地主Doudizhu 4.43.rep",tuyukoreasex,1,地主,Z,地主
20250510,20250510_10,"230252,斗地主Doudizhu 4.43.rep",LawyerChen,1,地主,P,地主
20250510,20250510_10,"230252,斗地主Doudizhu 4.43.rep",9527mog,0,富农,P,地主
20250510,20250510_10,"230252,斗地主Doudizhu 4.43.rep",CLOSE777,0,贫农,Z,地主
20250510,20250510_10,"230252,斗地主Doudizhu 4.43.rep",FFS-DBS,0,贫农,T,地主
20250510,20250510_10,"230252,斗地主Doudizhu 4.43.rep",FF-GBLW,0,贫农,T,地主
20250510,20250510_10,"230252,斗地主Doudizhu 4.43.rep",44ikljli,0,贫农,P,地主
20250510,20250510_11,"231001,斗地主Doudizhu 4.43.rep",LawyerChen,0,地主,P,农民
20250510,20250510_11,"231001,斗地主Doudizhu 4.43.rep",tuyukoreasex,0,地主,P,农民
20250510,20250510_11,"231001,斗地主Doudizhu 4.43.rep",9527mog,0,地主,Z,农民
20250510,20250510_11,"231001,斗地主Doudizhu 4.43.rep",paijipao,1,富农,T,农民
20250510,20250510_11,"231001,斗地主Doudizhu 4.43.rep",lxllll,1,贫农,Z,农民
20250510,20250510_11,"231001,斗地主Doudizhu 4.43.rep",Koxulka123,1,贫农,Z,农民
20250510,20250510_11,"231001,斗地主Doudizhu 4.43.rep",44ikljli,1,贫农,P,农民
20250510,20250510_11,"231001,斗地主Doudizhu 4.43.rep",CLOSE777,1,贫农,Z,农民
20250510,20250510_12,"232636,斗地主Doudizhu 4.43.rep",paijipao,1,地主,T,地主
20250510,20250510_12,"232636,斗地主Doudizhu 4.43.rep",lxllll,1,地主,Z,地主
20250510,20250510_12,"232636,斗地主Doudizhu 4.43.rep",9527mog,1,地主,P,地主
20250510,20250510_12,"232636,斗地主Doudizhu 4.43.rep",tuyukoreasex,0,富农,P,地主
20250510,20250510_12,"232636,斗地主Doudizhu 4.43.rep",Kiss-.-,0,贫农,T,地主
20250510,20250510_12,"232636,斗地主Doudizhu 4.43.rep",44ikljli,0,贫农,P,地主
20250510,20250510_12,"232636,斗地主Doudizhu 4.43.rep",CLOSE777,0,贫农,Z,地主
20250510,20250510_12,"232636,斗地主Doudizhu 4.43.rep",mosuo,0,贫农,P,地主
20250513,20250513_1,"193946,斗地主Doudizhu 4.43.rep",FFS-Open-1,0,地主,Z,农民
20250513,20250513_1,"193946,斗地主Doudizhu 4.43.rep",9527mog,0,地主,P,农民
20250513,20250513_1,"193946,斗地主Doudizhu 4.43.rep",FoR_TVSPZ,0,地主,P,农民
20250513,20250513_1,"193946,斗地主Doudizhu 4.43.rep",44ikljli,1,富农,P,农民
20250513,20250513_1,"193946,斗地主Doudizhu 4.43.rep",FFS-no.1,1,贫农,T,农民
20250513,20250513_1,"193946,斗地主Doudizhu 4.43.rep",nianqing,1,贫农,P,农民
20250513,20250513_1,"193946,斗地主Doudizhu 4.43.rep",FF-GBLW,1,贫农,T,农民
20250513,20250513_1,"193946,斗地主Doudizhu 4.43.rep",FFS-zhang1130,1,贫农,T,农民
20250513,20250513_2,"200158,斗地主Doudizhu 4.43.rep",44ikljli,1,地主,P,地主
20250513,20250513_2,"200158,斗地主Doudizhu 4.43.rep",lansoov,1,地主,T,地主
20250513,20250513_2,"200158,斗地主Doudizhu 4.43.rep",nianqing,1,地主,P,地主
20250513,20250513_2,"200158,斗地主Doudizhu 4.43.rep",FoR_TVSPZ,0,富农,P,地主
20250513,20250513_2,"200158,斗地主Doudizhu 4.43.rep",FFS-KaKaRu,0,贫农,Z,地主
20250513,20250513_2,"200158,斗地主Doudizhu 4.43.rep",FF-GBLW,0,贫农,T,地主
20250513,20250513_2,"200158,斗地主Doudizhu 4.43.rep",FFS-no.1,0,贫农,T,地主
20250513,20250513_2,"200158,斗地主Doudizhu 4.43.rep",9527mog,0,贫农,P,地主
20250513,20250513_3,"202639,斗地主Doudizhu 4.43.rep",9527mog,1,地主,P,地主
20250513,20250513_3,"202639,斗地主Doudizhu 4.43.rep",lansoov,1,地主,T,地主
20250513,20250513_3,"202639,斗地主Doudizhu 4.43.rep",Luckyy2023,1,地主,P,地主
20250513,20250513_3,"202639,斗地主Doudizhu 4.43.rep",feifeiht,0,富农,Z,地主
20250513,20250513_3,"202639,斗地主Doudizhu 4.43.rep",nianqing,0,贫农,P,地主
20250513,20250513_3,"202639,斗地主Doudizhu 4.43.rep",FFS-zhang1130,0,贫农,P,地主
20250513,20250513_3,"202639,斗地主Doudizhu 4.43.rep",44ikljli,0,贫农,T,地主
20250513,20250513_3,"202639,斗地主Doudizhu 4.43.rep",FoR_TVSPZ,0,贫农,T,地主
20250513,20250513_4,"203530,斗地主Doudizhu 4.43.rep",FFS-no.1,0,地主,P,农民
20250513,20250513_4,"203530,斗地主Doudizhu 4.43.rep",FFS-Open-1,0,地主,P,农民
20250513,20250513_4,"203530,斗地主Doudizhu 4.43.rep",9527mog,0,地主,Z,农民
20250513,20250513_4,"203530,斗地主Doudizhu 4.43.rep",feifeiht,1,富农,Z,农民
20250513,20250513_4,"203530,斗地主Doudizhu 4.43.rep",44ikljli,1,贫农,P,农民
20250513,20250513_4,"203530,斗地主Doudizhu 4.43.rep",FFS-zhang1130,1,贫农,T,农民
20250513,20250513_4,"203530,斗地主Doudizhu 4.43.rep",FFS-KaKaRu,1,贫农,Z,农民
20250513,20250513_4,"203530,斗地主Doudizhu 4.43.rep",nianqing,1,贫农,P,农民
20250513,20250513_5,"205935,斗地主Doudizhu 4.43.rep",9527mog,1,地主,P,地主
20250513,20250513_5,"205935,斗地主Doudizhu 4.43.rep",feifeiht,1,地主,Z,地主
20250513,20250513_5,"205935,斗地主Doudizhu 4.43.rep",lansoov,1,地主,P,地主
20250513,20250513_5,"205935,斗地主Doudizhu 4.43.rep",nianqing,0,富农,P,地主
20250513,20250513_5,"205935,斗地主Doudizhu 4.43.rep",CLOSE777,0,贫农,T,地主
20250513,20250513_5,"205935,斗地主Doudizhu 4.43.rep",FoR_TVSPZ,0,贫农,T,地主
20250513,20250513_5,"205935,斗地主Doudizhu 4.43.rep",Luckyy2023,0,贫农,Z,地主
20250513,20250513_5,"205935,斗地主Doudizhu 4.43.rep",FFS-no.1,0,贫农,Z,地主
20250513,20250513_6,"212019,斗地主Doudizhu 4.43.rep",9527mog,1,地主,P,地主
20250513,20250513_6,"212019,斗地主Doudizhu 4.43.rep",SupeRocK,1,地主,Z,地主
20250513,20250513_6,"212019,斗地主Doudizhu 4.43.rep",feifeiht,1,地主,P,地主
20250513,20250513_6,"212019,斗地主Doudizhu 4.43.rep",CLOSE777,0,富农,Z,地主
20250513,20250513_6,"212019,斗地主Doudizhu 4.43.rep",FoR_TVSPZ,0,贫农,T,地主
20250513,20250513_6,"212019,斗地主Doudizhu 4.43.rep",lansoov,0,贫农,T,地主
20250513,20250513_6,"212019,斗地主Doudizhu 4.43.rep",FFS-DBS,0,贫农,P,地主
20250513,20250513_6,"212019,斗地主Doudizhu 4.43.rep",nianqing,0,贫农,T,地主
20250513,20250513_7,"214740,斗地主Doudizhu 4.43.rep",lansoov,0,地主,P,农民
20250513,20250513_7,"214740,斗地主Doudizhu 4.43.rep",FFS-Open-1,0,地主,P,农民
20250513,20250513_7,"214740,斗地主Doudizhu 4.43.rep",CLOSE777,0,地主,P,农民
20250513,20250513_7,"214740,斗地主Doudizhu 4.43.rep",feifeiht,1,富农,Z,农民
20250513,20250513_7,"214740,斗地主Doudizhu 4.43.rep",9527mog,1,贫农,Z,农民
20250513,20250513_7,"214740,斗地主Doudizhu 4.43.rep",Luckyy2023,1,贫农,T,农民
20250513,20250513_7,"214740,斗地主Doudizhu 4.43.rep",nianqing,1,贫农,P,农民
20250513,20250513_7,"214740,斗地主Doudizhu 4.43.rep",44ikljli,1,贫农,P,农民
20250513,20250513_8,"223547,斗地主Doudizhu 4.43.rep",NiceBird,0,地主,P,农民
20250513,20250513_8,"223547,斗地主Doudizhu 4.43.rep",SC==G0D~,0,地主,Z,农民
20250513,20250513_8,"223547,斗地主Doudizhu 4.43.rep",SupeRocK,0,地主,T,农民
20250513,20250513_8,"223547,斗地主Doudizhu 4.43.rep",feifeiht,1,富农,P,农民
20250513,20250513_8,"223547,斗地主Doudizhu 4.43.rep",44ikljli,1,贫农,P,农民
20250513,20250513_8,"223547,斗地主Doudizhu 4.43.rep",9527mog,1,贫农,Z,农民
20250513,20250513_8,"223547,斗地主Doudizhu 4.43.rep",IKILllIII,1,贫农,T,农民
20250513,20250513_8,"223547,斗地主Doudizhu 4.43.rep",FFS-no.1,1,贫农,Z,农民
20250513,20250513_9,"230751,斗地主Doudizhu 4.43.rep",FFS-Open-1,0,地主,P,农民
20250513,20250513_9,"230751,斗地主Doudizhu 4.43.rep",nianqing,0,地主,P,农民
20250513,20250513_9,"230751,斗地主Doudizhu 4.43.rep",NiceBird,0,地主,T,农民
20250513,20250513_9,"230751,斗地主Doudizhu 4.43.rep",SC==G0D~,1,富农,Z,农民
20250513,20250513_9,"230751,斗地主Doudizhu 4.43.rep",FFS-DBS,1,贫农,T,农民
20250513,20250513_9,"230751,斗地主Doudizhu 4.43.rep",9527mog,1,贫农,Z,农民
20250513,20250513_9,"230751,斗地主Doudizhu 4.43.rep",CLOSE777,1,贫农,Z,农民
20250513,20250513_9,"230751,斗地主Doudizhu 4.43.rep",FFS-no.1,1,贫农,P,农民
20250513,20250513_10,"232604,斗地主Doudizhu 4.43.rep",9527mog,0,地主,P,农民
20250513,20250513_10,"232604,斗地主Doudizhu 4.43.rep",feifeiht,0,地主,P,农民
20250513,20250513_10,"232604,斗地主Doudizhu 4.43.rep",FFS-Open-1,0,地主,Z,农民
20250513,20250513_10,"232604,斗地主Doudizhu 4.43.rep",SC==G0D~,1,富农,Z,农民
20250513,20250513_10,"232604,斗地主Doudizhu 4.43.rep",paijipao,1,贫农,Z,农民
20250513,20250513_10,"232604,斗地主Doudizhu 4.43.rep",lxllll,1,贫农,Z,农民
20250513,20250513_10,"232604,斗地主Doudizhu 4.43.rep",nianqing,1,贫农,P,农民
20250513,20250513_10,"232604,斗地主Doudizhu 4.43.rep",CLOSE777,1,贫农,T,农民
20250513,20250513_11,"233223,斗地主Doudizhu 4.43.rep",feifeiht,1,地主,Z,地主
20250513,20250513_11,"233223,斗地主Doudizhu 4.43.rep",FFS-Open-1,1,地主,P,地主
20250513,20250513_11,"233223,斗地主Doudizhu 4.43.rep",paijipao,1,地主,T,地主
20250513,20250513_11,"233223,斗地主Doudizhu 4.43.rep",SupeRocK,0,富农,Z,地主
20250513,20250513_11,"233223,斗地主Doudizhu 4.43.rep",9527mog,0,贫农,P,地主
20250513,20250513_11,"233223,斗地主Doudizhu 4.43.rep",SC==G0D~,0,贫农,Z,地主
20250513,20250513_11,"233223,斗地主Doudizhu 4.43.rep",lxllll,0,贫农,T,地主
20250513,20250513_11,"233223,斗地主Doudizhu 4.43.rep",CLOSE777,0,贫农,T,地主
20250515,20250515_1,"195935,斗地主Doudizhu 8R-0.1.rep",GGrush_Doudizhu,0,地主,P,农民
20250515,20250515_1,"195935,斗地主Doudizhu 8R-0.1.rep",feifeiht,0,地主,Z,农民
20250515,20250515_1,"195935,斗地主Doudizhu 8R-0.1.rep",tuyukoreasex,0,地主,Z,农民
20250515,20250515_1,"195935,斗地主Doudizhu 8R-0.1.rep",mosuo,1,富农,P,农民
20250515,20250515_1,"195935,斗地主Doudizhu 8R-0.1.rep",lansoov,1,贫农,T,农民
20250515,20250515_1,"195935,斗地主Doudizhu 8R-0.1.rep",IKILllIII,1,贫农,Z,农民
20250515,20250515_1,"195935,斗地主Doudizhu 8R-0.1.rep",FFS-Open-1,1,贫农,P,农民
20250515,20250515_1,"195935,斗地主Doudizhu 8R-0.1.rep",SupeRocK,1,贫农,P,农民
20250515,20250515_2,"202001,斗地主Doudizhu 8R-0.1.rep",lansoov,1,地主,Z,地主
20250515,20250515_2,"202001,斗地主Doudizhu 8R-0.1.rep",FFS-fly,1,地主,P,地主
20250515,20250515_2,"202001,斗地主Doudizhu 8R-0.1.rep",mosuo,1,地主,P,地主
20250515,20250515_2,"202001,斗地主Doudizhu 8R-0.1.rep",feifeiht,0,富农,Z,地主
20250515,20250515_2,"202001,斗地主Doudizhu 8R-0.1.rep",FFS-Open-1,0,贫农,P,地主
20250515,20250515_2,"202001,斗地主Doudizhu 8R-0.1.rep",IKILllIII,0,贫农,Z,地主
20250515,20250515_2,"202001,斗地主Doudizhu 8R-0.1.rep",SupeRocK,0,贫农,P,地主
20250515,20250515_2,"202001,斗地主Doudizhu 8R-0.1.rep",GGrush_Doudizhu,0,贫农,P,地主
20250515,20250515_3,"203547,斗地主Doudizhu 8R-0.1.rep",FFS-Open-1,0,地主,P,农民
20250515,20250515_3,"203547,斗地主Doudizhu 8R-0.1.rep",SupeRocK,0,地主,T,农民
20250515,20250515_3,"203547,斗地主Doudizhu 8R-0.1.rep",feifeiht,0,地主,Z,农民
20250515,20250515_3,"203547,斗地主Doudizhu 8R-0.1.rep",IKILllIII,1,富农,Z,农民
20250515,20250515_3,"203547,斗地主Doudizhu 8R-0.1.rep",FFS-fly,1,贫农,P,农民
20250515,20250515_3,"203547,斗地主Doudizhu 8R-0.1.rep",mosuo,1,贫农,P,农民
20250515,20250515_3,"203547,斗地主Doudizhu 8R-0.1.rep",lansoov,1,贫农,T,农民
20250515,20250515_3,"203547,斗地主Doudizhu 8R-0.1.rep",GGrush_Doudizhu,1,贫农,Z,农民
20250515,20250515_4,"205322,斗地主Doudizhu 8R-0.1.rep",feifeiht,0,地主,P,农民
20250515,20250515_4,"205322,斗地主Doudizhu 8R-0.1.rep",GGrush_Doudizhu,0,地主,Z,农民
20250515,20250515_4,"205322,斗地主Doudizhu 8R-0.1.rep",FFS-fly,0,地主,P,农民
20250515,20250515_4,"205322,斗地主Doudizhu 8R-0.1.rep",lansoov,1,富农,P,农民
20250515,20250515_4,"205322,斗地主Doudizhu 8R-0.1.rep",IKILllIII,1,贫农,Z,农民
20250515,20250515_4,"205322,斗地主Doudizhu 8R-0.1.rep",FFS-Open-1,1,贫农,P,农民
20250515,20250515_4,"205322,斗地主Doudizhu 8R-0.1.rep",SupeRocK,1,贫农,Z,农民
20250515,20250515_4,"205322,斗地主Doudizhu 8R-0.1.rep",mosuo,1,贫农,P,农民
20250515,20250515_5,"210254,斗地主Doudizhu 8R-0.1.rep",SupeRocK,0,地主,Z,农民
20250515,20250515_5,"210254,斗地主Doudizhu 8R-0.1.rep",FFS-fly,0,地主,P,农民
20250515,20250515_5,"210254,斗地主Doudizhu 8R-0.1.rep",lansoov,0,地主,Z,农民
20250515,20250515_5,"210254,斗地主Doudizhu 8R-0.1.rep",GGrush_Doudizhu,1,富农,T,农民
20250515,20250515_5,"210254,斗地主Doudizhu 8R-0.1.rep",IKILllIII,1,贫农,Z,农民
20250515,20250515_5,"210254,斗地主Doudizhu 8R-0.1.rep",feifeiht,1,贫农,Z,农民
20250515,20250515_5,"210254,斗地主Doudizhu 8R-0.1.rep",FFS-Open-1,1,贫农,P,农民
20250515,20250515_5,"210254,斗地主Doudizhu 8R-0.1.rep",mosuo,1,贫农,P,农民
20250515,20250515_6,"210855,斗地主Doudizhu 8R-0.1.rep",SupeRocK,1,地主,T,地主
20250515,20250515_6,"210855,斗地主Doudizhu 8R-0.1.rep",FFS-Open-1,1,地主,P,地主
20250515,20250515_6,"210855,斗地主Doudizhu 8R-0.1.rep",lansoov,1,地主,Z,地主
20250515,20250515_6,"210855,斗地主Doudizhu 8R-0.1.rep",IKILllIII,0,富农,Z,地主
20250515,20250515_6,"210855,斗地主Doudizhu 8R-0.1.rep",FFS-fly,0,贫农,P,地主
20250515,20250515_6,"210855,斗地主Doudizhu 8R-0.1.rep",mosuo,0,贫农,P,地主
20250515,20250515_6,"210855,斗地主Doudizhu 8R-0.1.rep",feifeiht,0,贫农,Z,地主
20250515,20250515_6,"210855,斗地主Doudizhu 8R-0.1.rep",GGrush_Doudizhu,0,贫农,P,地主
20250515,20250515_7,"211717,斗地主Doudizhu 8R-0.1.rep",IKILllIII,1,地主,Z,地主
20250515,20250515_7,"211717,斗地主Doudizhu 8R-0.1.rep",feifeiht,1,地主,Z,地主
20250515,20250515_7,"211717,斗地主Doudizhu 8R-0.1.rep",SupeRocK,1,地主,T,地主
20250515,20250515_7,"211717,斗地主Doudizhu 8R-0.1.rep",GGrush_Doudizhu,0,富农,Z,地主
20250515,20250515_7,"211717,斗地主Doudizhu 8R-0.1.rep",FFS-fly,0,贫农,P,地主
20250515,20250515_7,"211717,斗地主Doudizhu 8R-0.1.rep",FFS-Open-1,0,贫农,P,地主
20250515,20250515_7,"211717,斗地主Doudizhu 8R-0.1.rep",lansoov,0,贫农,Z,地主
20250515,20250515_7,"211717,斗地主Doudizhu 8R-0.1.rep",mosuo,0,贫农,P,地主
20250516,20250516_1,"194450,斗地主Doudizhu 4.43.rep",Luckyy2023,1,地主,P,地主
20250516,20250516_1,"194450,斗地主Doudizhu 4.43.rep",VGer_Whc,1,地主,P,地主
20250516,20250516_1,"194450,斗地主Doudizhu 4.43.rep",nianqing,1,地主,P,地主
20250516,20250516_1,"194450,斗地主Doudizhu 4.43.rep",FFS-no.1,0,富农,P,地主
20250516,20250516_1,"194450,斗地主Doudizhu 4.43.rep",FFS-Open-1,0,贫农,P,地主
20250516,20250516_1,"194450,斗地主Doudizhu 4.43.rep",lansoov,0,贫农,Z,地主
20250516,20250516_1,"194450,斗地主Doudizhu 4.43.rep",9527mog,0,贫农,Z,地主
20250516,20250516_1,"194450,斗地主Doudizhu 4.43.rep",FFS-KaKaRu,0,贫农,Z,地主
20250516,20250516_2,"200518,斗地主Doudizhu 4.43.rep",DDR[Pro],0,地主,P,农民
20250516,20250516_2,"200518,斗地主Doudizhu 4.43.rep",FFS-fly,0,地主,P,农民
20250516,20250516_2,"200518,斗地主Doudizhu 4.43.rep",Luckyy2023,0,地主,P,农民
20250516,20250516_2,"200518,斗地主Doudizhu 4.43.rep",feifeiht,1,富农,Z,农民
20250516,20250516_2,"200518,斗地主Doudizhu 4.43.rep",9527mog,1,贫农,Z,农民
20250516,20250516_2,"200518,斗地主Doudizhu 4.43.rep",mosuo,1,贫农,P,农民
20250516,20250516_2,"200518,斗地主Doudizhu 4.43.rep",xiang12345,1,贫农,P,农民
20250516,20250516_2,"200518,斗地主Doudizhu 4.43.rep",FFS-no.1,1,贫农,P,农民
20250516,20250516_3,"200907,斗地主Doudizhu 4.43.rep",lansoov,1,地主,Z,地主
20250516,20250516_3,"200907,斗地主Doudizhu 4.43.rep",tuyukoreasex,1,地主,P,地主
20250516,20250516_3,"200907,斗地主Doudizhu 4.43.rep",FFS-Open-1,1,地主,P,地主
20250516,20250516_3,"200907,斗地主Doudizhu 4.43.rep",FoR_TVSPZ,0,富农,P,地主
20250516,20250516_3,"200907,斗地主Doudizhu 4.43.rep",nianqing,0,贫农,T,地主
20250516,20250516_3,"200907,斗地主Doudizhu 4.43.rep",digua,0,贫农,P,地主
20250516,20250516_3,"200907,斗地主Doudizhu 4.43.rep",wudidaJB,0,贫农,Z,地主
20250516,20250516_3,"200907,斗地主Doudizhu 4.43.rep",FFS-DBS,0,贫农,T,地主
20250516,20250516_4,"202635,斗地主Doudizhu 4.43.rep",DDR[Pro],1,地主,T,地主
20250516,20250516_4,"202635,斗地主Doudizhu 4.43.rep",FFS-fly,1,地主,P,地主
20250516,20250516_4,"202635,斗地主Doudizhu 4.43.rep",mosuo,1,地主,P,地主
20250516,20250516_4,"202635,斗地主Doudizhu 4.43.rep",feifeiht,0,富农,P,地主
20250516,20250516_4,"202635,斗地主Doudizhu 4.43.rep",9527mog,0,贫农,T,地主
20250516,20250516_4,"202635,斗地主Doudizhu 4.43.rep",xiang12345,0,贫农,P,地主
20250516,20250516_4,"202635,斗地主Doudizhu 4.43.rep",FFS-no.1,0,贫农,P,地主
20250516,20250516_4,"202635,斗地主Doudizhu 4.43.rep",do''do,0,贫农,Z,地主
20250516,20250516_5,"201933,斗地主Doudizhu 4.43.rep",GGrush_Doudizhu,0,地主,T,农民
20250516,20250516_5,"201933,斗地主Doudizhu 4.43.rep",FoR_TVSPZ,0,地主,P,农民
20250516,20250516_5,"201933,斗地主Doudizhu 4.43.rep",Luckyy2023,0,地主,P,农民
20250516,20250516_5,"201933,斗地主Doudizhu 4.43.rep",digua,1,富农,P,农民
20250516,20250516_5,"201933,斗地主Doudizhu 4.43.rep",nianqing,1,贫农,P,农民
20250516,20250516_5,"201933,斗地主Doudizhu 4.43.rep",lansoov,1,贫农,Z,农民
20250516,20250516_5,"201933,斗地主Doudizhu 4.43.rep",TianW,1,贫农,T,农民
20250516,20250516_5,"201933,斗地主Doudizhu 4.43.rep",FFS-DBS,1,贫农,T,农民
20250516,20250516_6,"203725,斗地主Doudizhu 4.43.rep",lansoov,0,地主,T,农民
20250516,20250516_6,"203725,斗地主Doudizhu 4.43.rep",FFS-Open-1,0,地主,P,农民
20250516,20250516_6,"203725,斗地主Doudizhu 4.43.rep",GGrush_Doudizhu,0,地主,P,农民
20250516,20250516_6,"203725,斗地主Doudizhu 4.43.rep",nianqing,1,富农,P,农民
20250516,20250516_6,"203725,斗地主Doudizhu 4.43.rep",TianW,1,贫农,T,农民
20250516,20250516_6,"203725,斗地主Doudizhu 4.43.rep",Luckyy2023,1,贫农,Z,农民
20250516,20250516_6,"203725,斗地主Doudizhu 4.43.rep",FoR_TVSPZ,1,贫农,T,农民
20250516,20250516_6,"203725,斗地主Doudizhu 4.43.rep",FFS-DBS,1,贫农,Z,农民
20250516,20250516_7,"212108,斗地主Doudizhu 4.43.rep",FFS-fly,0,地主,P,农民
20250516,20250516_7,"212108,斗地主Doudizhu 4.43.rep",DDR[Pro],0,地主,T,农民
20250516,20250516_7,"212108,斗地主Doudizhu 4.43.rep",NiceBird,0,地主,P,农民
20250516,20250516_7,"212108,斗地主Doudizhu 4.43.rep",tuyukoreasex,1,富农,P,农民
20250516,20250516_7,"212108,斗地主Doudizhu 4.43.rep",44ikljli,1,贫农,P,农民
20250516,20250516_7,"212108,斗地主Doudizhu 4.43.rep",do''do,1,贫农,P,农民
20250516,20250516_7,"212108,斗地主Doudizhu 4.43.rep",FFS-no.1,1,贫农,T,农民
20250516,20250516_7,"212108,斗地主Doudizhu 4.43.rep",9527mog,1,贫农,P,农民
20250516,20250516_8,"210312,斗地主Doudizhu 4.43.rep",VGer_Whc,0,地主,P,农民
20250516,20250516_8,"210312,斗地主Doudizhu 4.43.rep",GGrush_Doudizhu,0,地主,P,农民
20250516,20250516_8,"210312,斗地主Doudizhu 4.43.rep",lansoov,0,地主,T,农民
20250516,20250516_8,"210312,斗地主Doudizhu 4.43.rep",digua,1,富农,P,农民
20250516,20250516_8,"210312,斗地主Doudizhu 4.43.rep",FFS-Open-1,1,贫农,P,农民
20250516,20250516_8,"210312,斗地主Doudizhu 4.43.rep",Luckyy2023,1,贫农,T,农民
20250516,20250516_8,"210312,斗地主Doudizhu 4.43.rep",wudidaJB,1,贫农,T,农民
20250516,20250516_8,"210312,斗地主Doudizhu 4.43.rep",TianW,1,贫农,T,农民
20250516,20250516_9,"212102,斗地主Doudizhu 4.43.rep",TianW,0,地主,P,农民
20250516,20250516_9,"212102,斗地主Doudizhu 4.43.rep",lxllll,0,地主,Z,农民
20250516,20250516_9,"212102,斗地主Doudizhu 4.43.rep",VGer_Whc,0,地主,P,农民
20250516,20250516_9,"212102,斗地主Doudizhu 4.43.rep",lansoov,1,富农,T,农民
20250516,20250516_9,"212102,斗地主Doudizhu 4.43.rep",FFS-KaKaRu,1,贫农,Z,农民
20250516,20250516_9,"212102,斗地主Doudizhu 4.43.rep",FoR_TVSPZ,1,贫农,T,农民
20250516,20250516_9,"212102,斗地主Doudizhu 4.43.rep",Luckyy2023,1,贫农,P,农民
20250516,20250516_9,"212102,斗地主Doudizhu 4.43.rep",GGrush_Doudizhu,1,贫农,T,农民
20250516,20250516_10,"213020,斗地主Doudizhu 4.43.rep",lxllll,0,地主,Z,农民
20250516,20250516_10,"213020,斗地主Doudizhu 4.43.rep",FFS-fly,0,地主,P,农民
20250516,20250516_10,"213020,斗地主Doudizhu 4.43.rep",9527mog,0,地主,P,农民
20250516,20250516_10,"213020,斗地主Doudizhu 4.43.rep",44ikljli,1,富农,P,农民
20250516,20250516_10,"213020,斗地主Doudizhu 4.43.rep",do''do,1,贫农,T,农民
20250516,20250516_10,"213020,斗地主Doudizhu 4.43.rep",Koxulka123,1,贫农,Z,农民
20250516,20250516_10,"213020,斗地主Doudizhu 4.43.rep",FFS-DBS,1,贫农,P,农民
20250516,20250516_10,"213020,斗地主Doudizhu 4.43.rep",TianW,1,贫农,T,农民
20250516,20250516_11,"213633,斗地主Doudizhu 4.43.rep",VGer_Whc,1,地主,P,地主
20250516,20250516_11,"213633,斗地主Doudizhu 4.43.rep",NiceBird,1,地主,T,地主
20250516,20250516_11,"213633,斗地主Doudizhu 4.43.rep",lansoov,1,地主,P,地主
20250516,20250516_11,"213633,斗地主Doudizhu 4.43.rep",paijipao,0,富农,Z,地主
20250516,20250516_11,"213633,斗地主Doudizhu 4.43.rep",FFS-KaKaRu,0,贫农,Z,地主
20250516,20250516_11,"213633,斗地主Doudizhu 4.43.rep",SupeRocK,0,贫农,P,地主
20250516,20250516_11,"213633,斗地主Doudizhu 4.43.rep",GGrush_Doudizhu,0,贫农,T,地主
20250516,20250516_11,"213633,斗地主Doudizhu 4.43.rep",Luckyy2023,0,贫农,Z,地主
20250516,20250516_12,"215757,斗地主Doudizhu 4.43.rep",Koxulka123,0,地主,T,农民
20250516,20250516_12,"215757,斗地主Doudizhu 4.43.rep",FoR_TVSPZ,0,地主,P,农民
20250516,20250516_12,"215757,斗地主Doudizhu 4.43.rep",FFS-fly,0,地主,Z,农民
20250516,20250516_12,"215757,斗地主Doudizhu 4.43.rep",9527mog,1,富农,Z,农民
20250516,20250516_12,"215757,斗地主Doudizhu 4.43.rep",feifeiht,1,贫农,P,农民
20250516,20250516_12,"215757,斗地主Doudizhu 4.43.rep",TianW,1,贫农,T,农民
20250516,20250516_12,"215757,斗地主Doudizhu 4.43.rep",do''do,1,贫农,T,农民
20250516,20250516_12,"215757,斗地主Doudizhu 4.43.rep",Quakextm,1,贫农,P,农民
20250516,20250516_13,"215036,斗地主Doudizhu 4.43.rep",CLOSE777,0,地主,Z,农民
20250516,20250516_13,"215036,斗地主Doudizhu 4.43.rep",Super_545,0,地主,P,农民
20250516,20250516_13,"215036,斗地主Doudizhu 4.43.rep",paijipao,0,地主,Z,农民
20250516,20250516_13,"215036,斗地主Doudizhu 4.43.rep",GGrush_Doudizhu,1,富农,P,农民
20250516,20250516_13,"215036,斗地主Doudizhu 4.43.rep",FFS_Stefsunli,1,贫农,P,农民
20250516,20250516_13,"215036,斗地主Doudizhu 4.43.rep",VGer_Whc,1,贫农,P,农民
20250516,20250516_13,"215036,斗地主Doudizhu 4.43.rep",lansoov,1,贫农,T,农民
20250516,20250516_13,"215036,斗地主Doudizhu 4.43.rep",FFS-Open-1,1,贫农,P,农民
20250516,20250516_14,"221400,斗地主Doudizhu 4.43.rep",lansoov,1,地主,Z,地主
20250516,20250516_14,"221400,斗地主Doudizhu 4.43.rep",CLOSE777,1,地主,Z,地主
20250516,20250516_14,"221400,斗地主Doudizhu 4.43.rep",zhendeniu,1,地主,P,地主
20250516,20250516_14,"221400,斗地主Doudizhu 4.43.rep",GGrush_Doudizhu,0,富农,P,地主
20250516,20250516_14,"221400,斗地主Doudizhu 4.43.rep",VGer_Whc,0,贫农,T,地主
20250516,20250516_14,"221400,斗地主Doudizhu 4.43.rep",Super_545,0,贫农,P,地主
20250516,20250516_14,"221400,斗地主Doudizhu 4.43.rep",FFS-DBS,0,贫农,T,地主
20250516,20250516_14,"221400,斗地主Doudizhu 4.43.rep",44ikljli,0,贫农,P,地主
20250517,20250517_1,"193824,斗地主Doudizhu 4.43.rep",DDR[Pro],1,地主,T,地主
20250517,20250517_1,"193824,斗地主Doudizhu 4.43.rep",lansoov,1,地主,Z,地主
20250517,20250517_1,"193824,斗地主Doudizhu 4.43.rep",tuyukoreasex,1,地主,P,地主
20250517,20250517_1,"193824,斗地主Doudizhu 4.43.rep",9527mog,0,富农,P,地主
20250517,20250517_1,"193824,斗地主Doudizhu 4.43.rep",nianqing,0,贫农,P,地主
20250517,20250517_1,"193824,斗地主Doudizhu 4.43.rep",Koxulka123,0,贫农,P,地主
20250517,20250517_1,"193824,斗地主Doudizhu 4.43.rep",do''do,0,贫农,T,地主
20250517,20250517_1,"193824,斗地主Doudizhu 4.43.rep",FF-GBLW,0,贫农,T,地主
20250517,20250517_2,"201057,斗地主Doudizhu 4.43.rep",lansoov,0,地主,P,农民
20250517,20250517_2,"201057,斗地主Doudizhu 4.43.rep",9527mog,0,地主,Z,农民
20250517,20250517_2,"201057,斗地主Doudizhu 4.43.rep",tuyukoreasex,0,地主,P,农民
20250517,20250517_2,"201057,斗地主Doudizhu 4.43.rep",FoR_TVSPZ,1,富农,P,农民
20250517,20250517_2,"201057,斗地主Doudizhu 4.43.rep",FF-GBLW,1,贫农,T,农民
20250517,20250517_2,"201057,斗地主Doudizhu 4.43.rep",nianqing,1,贫农,P,农民
20250517,20250517_2,"201057,斗地主Doudizhu 4.43.rep",Koxulka123,1,贫农,P,农民
20250517,20250517_2,"201057,斗地主Doudizhu 4.43.rep",GGrush_Doudizhu,1,贫农,T,农民
20250517,20250517_3,"202956,斗地主Doudizhu 4.43.rep",tuyukoreasex,0,地主,T,农民
20250517,20250517_3,"202956,斗地主Doudizhu 4.43.rep",VGer_Whc,0,地主,P,农民
20250517,20250517_3,"202956,斗地主Doudizhu 4.43.rep",GGrush_Doudizhu,0,地主,Z,农民
20250517,20250517_3,"202956,斗地主Doudizhu 4.43.rep",lansoov,1,富农,P,农民
20250517,20250517_3,"202956,斗地主Doudizhu 4.43.rep",IKILllIII,1,贫农,Z,农民
20250517,20250517_3,"202956,斗地主Doudizhu 4.43.rep",9527mog,1,贫农,P,农民
20250517,20250517_3,"202956,斗地主Doudizhu 4.43.rep",FF-GBLW,1,贫农,P,农民
20250517,20250517_3,"202956,斗地主Doudizhu 4.43.rep",FFS-Open-1,1,贫农,T,农民
20250517,20250517_4,"204158,斗地主Doudizhu 4.43.rep",VGer_Whc,1,地主,P,地主
20250517,20250517_4,"204158,斗地主Doudizhu 4.43.rep",lansoov,1,地主,T,地主
20250517,20250517_4,"204158,斗地主Doudizhu 4.43.rep",GGrush_Doudizhu,1,地主,P,地主
20250517,20250517_4,"204158,斗地主Doudizhu 4.43.rep",FFS-Open-1,0,富农,Z,地主
20250517,20250517_4,"204158,斗地主Doudizhu 4.43.rep",wudidaJB,0,贫农,T,地主
20250517,20250517_4,"204158,斗地主Doudizhu 4.43.rep",IKILllIII,0,贫农,P,地主
20250517,20250517_4,"204158,斗地主Doudizhu 4.43.rep",9527mog,0,贫农,P,地主
20250517,20250517_4,"204158,斗地主Doudizhu 4.43.rep",nianqing,0,贫农,T,地主
20250517,20250517_5,"210250,斗地主Doudizhu 4.43.rep",VGer_Whc,1,地主,P,地主
20250517,20250517_5,"210250,斗地主Doudizhu 4.43.rep",9527mog,1,地主,Z,地主
20250517,20250517_5,"210250,斗地主Doudizhu 4.43.rep",GGrush_Doudizhu,1,地主,P,地主
20250517,20250517_5,"210250,斗地主Doudizhu 4.43.rep",tuyukoreasex,0,富农,P,地主
20250517,20250517_5,"210250,斗地主Doudizhu 4.43.rep",wudidaJB,0,贫农,T,地主
20250517,20250517_5,"210250,斗地主Doudizhu 4.43.rep",do''do,0,贫农,T,地主
20250517,20250517_5,"210250,斗地主Doudizhu 4.43.rep",FFS-DBS,0,贫农,P,地主
20250517,20250517_5,"210250,斗地主Doudizhu 4.43.rep",nianqing,0,贫农,P,地主
20250517,20250517_6,"212346,斗地主Doudizhu 4.43.rep",GGrush_Doudizhu,0,地主,P,农民
20250517,20250517_6,"212346,斗地主Doudizhu 4.43.rep",FFS-Open-1,0,地主,P,农民
20250517,20250517_6,"212346,斗地主Doudizhu 4.43.rep",lansoov,0,地主,T,农民
20250517,20250517_6,"212346,斗地主Doudizhu 4.43.rep",FoR_TVSPZ,1,富农,P,农民
20250517,20250517_6,"212346,斗地主Doudizhu 4.43.rep",IKILllIII,1,贫农,P,农民
20250517,20250517_6,"212346,斗地主Doudizhu 4.43.rep",FF-GBLW,1,贫农,T,农民
20250517,20250517_6,"212346,斗地主Doudizhu 4.43.rep",do''do,1,贫农,T,农民
20250517,20250517_6,"212346,斗地主Doudizhu 4.43.rep",VGer_Whc,1,贫农,P,农民
20250517,20250517_7,"213532,斗地主Doudizhu 4.43.rep",FFS-Open-1,0,地主,P,农民
20250517,20250517_7,"213532,斗地主Doudizhu 4.43.rep",lansoov,0,地主,T,农民
20250517,20250517_7,"213532,斗地主Doudizhu 4.43.rep",VGer_Whc,0,地主,P,农民
20250517,20250517_7,"213532,斗地主Doudizhu 4.43.rep",tuyukoreasex,1,富农,P,农民
20250517,20250517_7,"213532,斗地主Doudizhu 4.43.rep",GGrush_Doudizhu,1,贫农,P,农民
20250517,20250517_7,"213532,斗地主Doudizhu 4.43.rep",do''do,1,贫农,Z,农民
20250517,20250517_7,"213532,斗地主Doudizhu 4.43.rep",FF-GBLW,1,贫农,T,农民
20250517,20250517_7,"213532,斗地主Doudizhu 4.43.rep",nianqing,1,贫农,P,农民
20250517,20250517_8,"214606,斗地主Doudizhu 4.43.rep",lansoov,0,地主,Z,农民
20250517,20250517_8,"214606,斗地主Doudizhu 4.43.rep",nianqing,0,地主,P,农民
20250517,20250517_8,"214606,斗地主Doudizhu 4.43.rep",FFS-Open-1,0,地主,P,农民
20250517,20250517_8,"214606,斗地主Doudizhu 4.43.rep",GGrush_Doudizhu,1,富农,P,农民
20250517,20250517_8,"214606,斗地主Doudizhu 4.43.rep",IKILllIII,1,贫农,P,农民
20250517,20250517_8,"214606,斗地主Doudizhu 4.43.rep",dkstarch,1,贫农,Z,农民
20250517,20250517_8,"214606,斗地主Doudizhu 4.43.rep",tuyukoreasex,1,贫农,T,农民
20250517,20250517_8,"214606,斗地主Doudizhu 4.43.rep",FF-GBLW,1,贫农,T,农民
20250517,20250517_9,"220308,斗地主Doudizhu 4.43.rep",lxllll,1,地主,Z,地主
20250517,20250517_9,"220308,斗地主Doudizhu 4.43.rep",lansoov,1,地主,P,地主
20250517,20250517_9,"220308,斗地主Doudizhu 4.43.rep",VGer_Whc,1,地主,P,地主
20250517,20250517_9,"220308,斗地主Doudizhu 4.43.rep",9527mog,0,富农,Z,地主
20250517,20250517_9,"220308,斗地主Doudizhu 4.43.rep",dkstarch,0,贫农,Z,地主
20250517,20250517_9,"220308,斗地主Doudizhu 4.43.rep",GGrush_Doudizhu,0,贫农,T,地主
20250517,20250517_9,"220308,斗地主Doudizhu 4.43.rep",FFS-DBS,0,贫农,T,地主
20250517,20250517_9,"220308,斗地主Doudizhu 4.43.rep",nianqing,0,贫农,T,地主
20250517,20250517_10,"223322,斗地主Doudizhu 4.43.rep",VGer_Whc,0,地主,P,农民
20250517,20250517_10,"223322,斗地主Doudizhu 4.43.rep",lansoov,0,地主,P,农民
20250517,20250517_10,"223322,斗地主Doudizhu 4.43.rep",9527mog,0,地主,Z,农民
20250517,20250517_10,"223322,斗地主Doudizhu 4.43.rep",GGrush_Doudizhu,1,富农,P,农民
20250517,20250517_10,"223322,斗地主Doudizhu 4.43.rep",44ikljli,1,贫农,P,农民
20250517,20250517_10,"223322,斗地主Doudizhu 4.43.rep",FF-GBLW,1,贫农,T,农民
20250517,20250517_10,"223322,斗地主Doudizhu 4.43.rep",FFS-Open-1,1,贫农,P,农民
20250517,20250517_10,"223322,斗地主Doudizhu 4.43.rep",IKILllIII,1,贫农,P,农民
20250517,20250517_11,"230833,斗地主Doudizhu 4.43.rep",GGrush_Doudizhu,0,地主,Z,农民
20250517,20250517_11,"230833,斗地主Doudizhu 4.43.rep",lansoov,0,地主,P,农民
20250517,20250517_11,"230833,斗地主Doudizhu 4.43.rep",9527mog,0,地主,P,农民
20250517,20250517_11,"230833,斗地主Doudizhu 4.43.rep",VGer_Whc,1,富农,P,农民
20250517,20250517_11,"230833,斗地主Doudizhu 4.43.rep",nianqing,1,贫农,P,农民
20250517,20250517_11,"230833,斗地主Doudizhu 4.43.rep",mascot520,1,贫农,T,农民
20250517,20250517_11,"230833,斗地主Doudizhu 4.43.rep",lxllll,1,贫农,T,农民
20250517,20250517_11,"230833,斗地主Doudizhu 4.43.rep",SC==G0D~,1,贫农,Z,农民
20250517,20250517_12,"231731,斗地主Doudizhu 4.43.rep",lxllll,1,地主,Z,地主
20250517,20250517_12,"231731,斗地主Doudizhu 4.43.rep",lansoov,1,地主,P,地主
20250517,20250517_12,"231731,斗地主Doudizhu 4.43.rep",FFS-Open-1,1,地主,P,地主
20250517,20250517_12,"231731,斗地主Doudizhu 4.43.rep",SupeRocK,0,富农,Z,地主
20250517,20250517_12,"231731,斗地主Doudizhu 4.43.rep",SC==G0D~,0,贫农,Z,地主
20250517,20250517_12,"231731,斗地主Doudizhu 4.43.rep",dkstarch,0,贫农,Z,地主
20250517,20250517_12,"231731,斗地主Doudizhu 4.43.rep",9527mog,0,贫农,P,地主
20250517,20250517_12,"231731,斗地主Doudizhu 4.43.rep",GGrush_Doudizhu,0,贫农,P,地主
20250517,20250517_13,"234614,斗地主Doudizhu 4.43.rep",VGer_Whc,1,地主,P,地主
20250517,20250517_13,"234614,斗地主Doudizhu 4.43.rep",lansoov,1,地主,Z,地主
20250517,20250517_13,"234614,斗地主Doudizhu 4.43.rep",FFS-Open-1,1,地主,P,地主
20250517,20250517_13,"234614,斗地主Doudizhu 4.43.rep",9527mog,0,富农,Z,地主
20250517,20250517_13,"234614,斗地主Doudizhu 4.43.rep",mascot520,0,贫农,P,地主
20250517,20250517_13,"234614,斗地主Doudizhu 4.43.rep",GAT-X102,0,贫农,P,地主
20250517,20250517_13,"234614,斗地主Doudizhu 4.43.rep",SC==G0D~,0,贫农,Z,地主
20250517,20250517_13,"234614,斗地主Doudizhu 4.43.rep",dkstarch,0,贫农,Z,地主
20250520,20250520_1,"201053,斗地主Doudizhu 4.43.rep",Flashback..,0,地主,P,农民
20250520,20250520_1,"201053,斗地主Doudizhu 4.43.rep",lansoov,0,地主,P,农民
20250520,20250520_1,"201053,斗地主Doudizhu 4.43.rep",FFS-fly,0,地主,Z,农民
20250520,20250520_1,"201053,斗地主Doudizhu 4.43.rep",FoR_TVSPZ,1,富农,P,农民
20250520,20250520_1,"201053,斗地主Doudizhu 4.43.rep",do''do,1,贫农,T,农民
20250520,20250520_1,"201053,斗地主Doudizhu 4.43.rep",FFS-zhang1130,1,贫农,T,农民
20250520,20250520_1,"201053,斗地主Doudizhu 4.43.rep",FFS-KaKaRu,1,贫农,Z,农民
20250520,20250520_1,"201053,斗地主Doudizhu 4.43.rep",mosuo,1,贫农,P,农民
20250520,20250520_2,"203336,斗地主Doudizhu 4.43.rep",FFS-Open-1,0,地主,P,农民
20250520,20250520_2,"203336,斗地主Doudizhu 4.43.rep",SupeRocK,0,地主,Z,农民
20250520,20250520_2,"203336,斗地主Doudizhu 4.43.rep",lansoov,0,地主,P,农民
20250520,20250520_2,"203336,斗地主Doudizhu 4.43.rep",FFS-fly,1,富农,P,农民
20250520,20250520_2,"203336,斗地主Doudizhu 4.43.rep",DDR[Pro],1,贫农,P,农民
20250520,20250520_2,"203336,斗地主Doudizhu 4.43.rep",FoR_TVSPZ,1,贫农,P,农民
20250520,20250520_2,"203336,斗地主Doudizhu 4.43.rep",wuenbin1980,1,贫农,P,农民
20250520,20250520_2,"203336,斗地主Doudizhu 4.43.rep",FFS-DBS,1,贫农,T,农民
20250520,20250520_3,"211732,斗地主Doudizhu 4.43.rep",FFS-Open-1,0,地主,Z,农民
20250520,20250520_3,"211732,斗地主Doudizhu 4.43.rep",FFS-fly,0,地主,P,农民
20250520,20250520_3,"211732,斗地主Doudizhu 4.43.rep",lansoov,0,地主,P,农民
20250520,20250520_3,"211732,斗地主Doudizhu 4.43.rep",wohaopa,1,富农,P,农民
20250520,20250520_3,"211732,斗地主Doudizhu 4.43.rep",DDR[Pro],1,贫农,T,农民
20250520,20250520_3,"211732,斗地主Doudizhu 4.43.rep",NiceBird,1,贫农,T,农民
20250520,20250520_3,"211732,斗地主Doudizhu 4.43.rep",FFS-zhang1130,1,贫农,P,农民
20250520,20250520_3,"211732,斗地主Doudizhu 4.43.rep",do''do,1,贫农,Z,农民
20250520,20250520_4,"213127,斗地主Doudizhu 8R-0.1.rep",mosuo,0,地主,P,农民
20250520,20250520_4,"213127,斗地主Doudizhu 8R-0.1.rep",feifeiht,0,地主,Z,农民
20250520,20250520_4,"213127,斗地主Doudizhu 8R-0.1.rep",44ikljli,0,地主,T,农民
20250520,20250520_4,"213127,斗地主Doudizhu 8R-0.1.rep",zhendeniu,1,富农,P,农民
20250520,20250520_4,"213127,斗地主Doudizhu 8R-0.1.rep",FFS-no.1,1,贫农,Z,农民
20250520,20250520_4,"213127,斗地主Doudizhu 8R-0.1.rep",IKILllIII,1,贫农,P,农民
20250520,20250520_4,"213127,斗地主Doudizhu 8R-0.1.rep",digua,1,贫农,P,农民
20250520,20250520_4,"213127,斗地主Doudizhu 8R-0.1.rep",LawyerChen,1,贫农,P,农民
20250520,20250520_5,"214920,斗地主Doudizhu 8R-0.1.rep",feifeiht,0,地主,P,农民
20250520,20250520_5,"214920,斗地主Doudizhu 8R-0.1.rep",Luckyy2023,0,地主,P,农民
20250520,20250520_5,"214920,斗地主Doudizhu 8R-0.1.rep",FFS-no.1,0,地主,Z,农民
20250520,20250520_5,"214920,斗地主Doudizhu 8R-0.1.rep",mosuo,1,富农,P,农民
20250520,20250520_5,"214920,斗地主Doudizhu 8R-0.1.rep",44ikljli,1,贫农,T,农民
20250520,20250520_5,"214920,斗地主Doudizhu 8R-0.1.rep",IKILllIII,1,贫农,P,农民
20250520,20250520_5,"214920,斗地主Doudizhu 8R-0.1.rep",LawyerChen,1,贫农,T,农民
20250520,20250520_5,"214920,斗地主Doudizhu 8R-0.1.rep",FFS-fly,1,贫农,P,农民
20250520,20250520_6,"220732,斗地主Doudizhu 8R-0.1.rep",lansoov,0,地主,T,农民
20250520,20250520_6,"220732,斗地主Doudizhu 8R-0.1.rep",44ikljli,0,地主,P,农民
20250520,20250520_6,"220732,斗地主Doudizhu 8R-0.1.rep",FFS-no.1,0,地主,P,农民
20250520,20250520_6,"220732,斗地主Doudizhu 8R-0.1.rep",feifeiht,1,富农,T,农民
20250520,20250520_6,"220732,斗地主Doudizhu 8R-0.1.rep",mosuo,1,贫农,P,农民
20250520,20250520_6,"220732,斗地主Doudizhu 8R-0.1.rep",FFS-fly,1,贫农,P,农民
20250520,20250520_6,"220732,斗地主Doudizhu 8R-0.1.rep",Luckyy2023,1,贫农,Z,农民
20250520,20250520_6,"220732,斗地主Doudizhu 8R-0.1.rep",LawyerChen,1,贫农,Z,农民
20250520,20250520_7,"224427,斗地主Doudizhu 8R-0.1.rep",44ikljli,1,地主,T,地主
20250520,20250520_7,"224427,斗地主Doudizhu 8R-0.1.rep",FFS-fly,1,地主,P,地主
20250520,20250520_7,"224427,斗地主Doudizhu 8R-0.1.rep",FoR_TVSPZ,1,地主,P,地主
20250520,20250520_7,"224427,斗地主Doudizhu 8R-0.1.rep",lansoov,0,富农,Z,地主
20250520,20250520_7,"224427,斗地主Doudizhu 8R-0.1.rep",DDR[Pro],0,贫农,Z,地主
20250520,20250520_7,"224427,斗地主Doudizhu 8R-0.1.rep",FFS-DBS,0,贫农,T,地主
20250520,20250520_7,"224427,斗地主Doudizhu 8R-0.1.rep",GGrush_Doudizhu,0,贫农,P,地主
20250520,20250520_7,"224427,斗地主Doudizhu 8R-0.1.rep",LawyerChen,0,贫农,P,地主
20250520,20250520_8,"225058,斗地主Doudizhu 4.43.rep",FFS-fly,0,地主,P,农民
20250520,20250520_8,"225058,斗地主Doudizhu 4.43.rep",lxllll,0,地主,Z,农民
20250520,20250520_8,"225058,斗地主Doudizhu 4.43.rep",lansoov,0,地主,Z,农民
20250520,20250520_8,"225058,斗地主Doudizhu 4.43.rep",GGrush_Doudizhu,1,富农,P,农民
20250520,20250520_8,"225058,斗地主Doudizhu 4.43.rep",FFS-no.1,1,贫农,Z,农民
20250520,20250520_8,"225058,斗地主Doudizhu 4.43.rep",DDR[Pro],1,贫农,T,农民
20250520,20250520_8,"225058,斗地主Doudizhu 4.43.rep",dkstarch,1,贫农,T,农民
20250520,20250520_8,"225058,斗地主Doudizhu 4.43.rep",SC==G0D~,1,贫农,Z,农民
20250520,20250520_9,"230444,斗地主Doudizhu 4.43.rep",lansoov,1,地主,P,地主
20250520,20250520_9,"230444,斗地主Doudizhu 4.43.rep",Luckyy2023,1,地主,P,地主
20250520,20250520_9,"230444,斗地主Doudizhu 4.43.rep",SC==G0D~,1,地主,Z,地主
20250520,20250520_9,"230444,斗地主Doudizhu 4.43.rep",LawyerChen,0,富农,T,地主
20250520,20250520_9,"230444,斗地主Doudizhu 4.43.rep",FFS_Stefsunli,0,贫农,T,地主
20250520,20250520_9,"230444,斗地主Doudizhu 4.43.rep",dkstarch,0,贫农,Z,地主
20250520,20250520_9,"230444,斗地主Doudizhu 4.43.rep",blackdos,0,贫农,P,地主
20250520,20250520_9,"230444,斗地主Doudizhu 4.43.rep",FFS-DBS,0,贫农,Z,地主
20250520,20250520_10,"231745,斗地主Doudizhu 4.43.rep",lansoov,0,地主,P,农民
20250520,20250520_10,"231745,斗地主Doudizhu 4.43.rep",SC==G0D~,0,地主,Z,农民
20250520,20250520_10,"231745,斗地主Doudizhu 4.43.rep",lxllll,0,地主,Z,农民
20250520,20250520_10,"231745,斗地主Doudizhu 4.43.rep",DDR[Pro],1,富农,P,农民
20250520,20250520_10,"231745,斗地主Doudizhu 4.43.rep",dkstarch,1,贫农,T,农民
20250520,20250520_10,"231745,斗地主Doudizhu 4.43.rep",LawyerChen,1,贫农,T,农民
20250520,20250520_10,"231745,斗地主Doudizhu 4.43.rep",mosuo,1,贫农,P,农民
20250520,20250520_10,"231745,斗地主Doudizhu 4.43.rep",FFS_Stefsunli,1,贫农,Z,农民
20250520,20250520_11,"232809,斗地主Doudizhu 4.43.rep",lxllll,0,地主,Z,农民
20250520,20250520_11,"232809,斗地主Doudizhu 4.43.rep",DDR[Pro],0,地主,T,农民
20250520,20250520_11,"232809,斗地主Doudizhu 4.43.rep",Luckyy2023,0,地主,P,农民
20250520,20250520_11,"232809,斗地主Doudizhu 4.43.rep",lansoov,1,富农,T,农民
20250520,20250520_11,"232809,斗地主Doudizhu 4.43.rep",mosuo,1,贫农,P,农民
20250520,20250520_11,"232809,斗地主Doudizhu 4.43.rep",FFS-Open-1,1,贫农,Z,农民
20250520,20250520_11,"232809,斗地主Doudizhu 4.43.rep",dkstarch,1,贫农,T,农民
20250520,20250520_11,"232809,斗地主Doudizhu 4.43.rep",SC==G0D~,1,贫农,Z,农民
20250520,20250520_12,"234642,斗地主Doudizhu 4.43.rep",LawyerChen,1,地主,P,地主
20250520,20250520_12,"234642,斗地主Doudizhu 4.43.rep",FFS-Open-1,1,地主,P,地主
20250520,20250520_12,"234642,斗地主Doudizhu 4.43.rep",lxllll,1,地主,Z,地主
20250520,20250520_12,"234642,斗地主Doudizhu 4.43.rep",lansoov,0,富农,T,地主
20250520,20250520_12,"234642,斗地主Doudizhu 4.43.rep",44ikljli,0,贫农,P,地主
20250520,20250520_12,"234642,斗地主Doudizhu 4.43.rep",SC==G0D~,0,贫农,Z,地主
20250520,20250520_12,"234642,斗地主Doudizhu 4.43.rep",FFS_Stefsunli,0,贫农,T,地主
20250520,20250520_12,"234642,斗地主Doudizhu 4.43.rep",Luckyy2023,0,贫农,Z,地主
20250521,20250521_1,"200703,斗地主Doudizhu 8R-0.1.rep",lansoov,1,地主,P,地主
20250521,20250521_1,"200703,斗地主Doudizhu 8R-0.1.rep",paijipao,1,地主,T,地主
20250521,20250521_1,"200703,斗地主Doudizhu 8R-0.1.rep",wohaopa,1,地主,Z,地主
20250521,20250521_1,"200703,斗地主Doudizhu 8R-0.1.rep",mosuo,0,富农,P,地主
20250521,20250521_1,"200703,斗地主Doudizhu 8R-0.1.rep",GGrush_Doudizhu,0,贫农,T,地主
20250521,20250521_1,"200703,斗地主Doudizhu 8R-0.1.rep",feifeiht,0,贫农,Z,地主
20250521,20250521_1,"200703,斗地主Doudizhu 8R-0.1.rep",SupeRocK,0,贫农,T,地主
20250521,20250521_1,"200703,斗地主Doudizhu 8R-0.1.rep",DDR[Pro],0,贫农,P,地主
20250521,20250521_2,"201255,斗地主Doudizhu 8R-0.1.rep",mosuo,0,地主,P,农民
20250521,20250521_2,"201255,斗地主Doudizhu 8R-0.1.rep",SupeRocK,0,地主,T,农民
20250521,20250521_2,"201255,斗地主Doudizhu 8R-0.1.rep",paijipao,0,地主,P,农民
20250521,20250521_2,"201255,斗地主Doudizhu 8R-0.1.rep",lansoov,1,富农,T,农民
20250521,20250521_2,"201255,斗地主Doudizhu 8R-0.1.rep",GGrush_Doudizhu,1,贫农,Z,农民
20250521,20250521_2,"201255,斗地主Doudizhu 8R-0.1.rep",wohaopa,1,贫农,Z,农民
20250521,20250521_2,"201255,斗地主Doudizhu 8R-0.1.rep",DDR[Pro],1,贫农,P,农民
20250521,20250521_2,"201255,斗地主Doudizhu 8R-0.1.rep",feifeiht,1,贫农,Z,农民
20250521,20250521_3,"202311,斗地主Doudizhu 8R-0.1.rep",feifeiht,0,地主,Z,农民
20250521,20250521_3,"202311,斗地主Doudizhu 8R-0.1.rep",mosuo,0,地主,P,农民
20250521,20250521_3,"202311,斗地主Doudizhu 8R-0.1.rep",wohaopa,0,地主,Z,农民
20250521,20250521_3,"202311,斗地主Doudizhu 8R-0.1.rep",SupeRocK,1,富农,T,农民
20250521,20250521_3,"202311,斗地主Doudizhu 8R-0.1.rep",DDR[Pro],1,贫农,P,农民
20250521,20250521_3,"202311,斗地主Doudizhu 8R-0.1.rep",paijipao,1,贫农,T,农民
20250521,20250521_3,"202311,斗地主Doudizhu 8R-0.1.rep",GGrush_Doudizhu,1,贫农,P,农民
20250521,20250521_3,"202311,斗地主Doudizhu 8R-0.1.rep",lansoov,1,贫农,Z,农民
20250521,20250521_4,"203333,斗地主Doudizhu 8R-0.1.rep",wohaopa,0,地主,Z,农民
20250521,20250521_4,"203333,斗地主Doudizhu 8R-0.1.rep",feifeiht,0,地主,Z,农民
20250521,20250521_4,"203333,斗地主Doudizhu 8R-0.1.rep",DDR[Pro],0,地主,P,农民
20250521,20250521_4,"203333,斗地主Doudizhu 8R-0.1.rep",SupeRocK,1,富农,T,农民
20250521,20250521_4,"203333,斗地主Doudizhu 8R-0.1.rep",paijipao,1,贫农,Z,农民
20250521,20250521_4,"203333,斗地主Doudizhu 8R-0.1.rep",mosuo,1,贫农,P,农民
20250521,20250521_4,"203333,斗地主Doudizhu 8R-0.1.rep",lansoov,1,贫农,T,农民
20250521,20250521_4,"203333,斗地主Doudizhu 8R-0.1.rep",GGrush_Doudizhu,1,贫农,T,农民
20250521,20250521_5,"205019,斗地主Doudizhu 8R-0.1.rep",mosuo,0,地主,P,农民
20250521,20250521_5,"205019,斗地主Doudizhu 8R-0.1.rep",GGrush_Doudizhu,0,地主,T,农民
20250521,20250521_5,"205019,斗地主Doudizhu 8R-0.1.rep",paijipao,0,地主,Z,农民
20250521,20250521_5,"205019,斗地主Doudizhu 8R-0.1.rep",wohaopa,1,富农,Z,农民
20250521,20250521_5,"205019,斗地主Doudizhu 8R-0.1.rep",lansoov,1,贫农,P,农民
20250521,20250521_5,"205019,斗地主Doudizhu 8R-0.1.rep",SupeRocK,1,贫农,T,农民
20250521,20250521_5,"205019,斗地主Doudizhu 8R-0.1.rep",feifeiht,1,贫农,P,农民
20250521,20250521_5,"205019,斗地主Doudizhu 8R-0.1.rep",DDR[Pro],1,贫农,P,农民
20250521,20250521_6,"210755,斗地主Doudizhu 8R-0.1.rep",feifeiht,0,地主,Z,农民
20250521,20250521_6,"210755,斗地主Doudizhu 8R-0.1.rep",paijipao,0,地主,Z,农民
20250521,20250521_6,"210755,斗地主Doudizhu 8R-0.1.rep",DDR[Pro],0,地主,P,农民
20250521,20250521_6,"210755,斗地主Doudizhu 8R-0.1.rep",lansoov,1,富农,T,农民
20250521,20250521_6,"210755,斗地主Doudizhu 8R-0.1.rep",SupeRocK,1,贫农,T,农民
20250521,20250521_6,"210755,斗地主Doudizhu 8R-0.1.rep",lxllll,1,贫农,T,农民
20250521,20250521_6,"210755,斗地主Doudizhu 8R-0.1.rep",mosuo,1,贫农,P,农民
20250521,20250521_6,"210755,斗地主Doudizhu 8R-0.1.rep",GGrush_Doudizhu,1,贫农,P,农民
20250521,20250521_7,"213616,斗地主Doudizhu 8R-0.1.rep",44ikljli,0,地主,T,农民
20250521,20250521_7,"213616,斗地主Doudizhu 8R-0.1.rep",DDR[Pro],0,地主,P,农民
20250521,20250521_7,"213616,斗地主Doudizhu 8R-0.1.rep",paijipao,0,地主,T,农民
20250521,20250521_7,"213616,斗地主Doudizhu 8R-0.1.rep",GGrush_Doudizhu,1,富农,T,农民
20250521,20250521_7,"213616,斗地主Doudizhu 8R-0.1.rep",SupeRocK,1,贫农,T,农民
20250521,20250521_7,"213616,斗地主Doudizhu 8R-0.1.rep",feifeiht,1,贫农,P,农民
20250521,20250521_7,"213616,斗地主Doudizhu 8R-0.1.rep",lansoov,1,贫农,Z,农民
20250521,20250521_7,"213616,斗地主Doudizhu 8R-0.1.rep",lxllll,1,贫农,Z,农民
20250521,20250521_8,"215550,斗地主Doudizhu 8R-0.1.rep",paijipao,0,地主,T,农民
20250521,20250521_8,"215550,斗地主Doudizhu 8R-0.1.rep",feifeiht,0,地主,P,农民
20250521,20250521_8,"215550,斗地主Doudizhu 8R-0.1.rep",GGrush_Doudizhu,0,地主,Z,农民
20250521,20250521_8,"215550,斗地主Doudizhu 8R-0.1.rep",9527mog,1,富农,P,农民
20250521,20250521_8,"215550,斗地主Doudizhu 8R-0.1.rep",DDR[Pro],1,贫农,P,农民
20250521,20250521_8,"215550,斗地主Doudizhu 8R-0.1.rep",mosuo,1,贫农,P,农民
20250521,20250521_8,"215550,斗地主Doudizhu 8R-0.1.rep",lxllll,1,贫农,Z,农民
20250521,20250521_8,"215550,斗地主Doudizhu 8R-0.1.rep",SupeRocK,1,贫农,T,农民
20250522,20250522_1,"194113,斗地主Doudizhu 4.43.rep",Kid,0,地主,Z,农民
20250522,20250522_1,"194113,斗地主Doudizhu 4.43.rep",LeiLei,0,地主,T,农民
20250522,20250522_1,"194113,斗地主Doudizhu 4.43.rep",jaystar,0,地主,P,农民
20250522,20250522_1,"194113,斗地主Doudizhu 4.43.rep",520kill,1,富农,P,农民
20250522,20250522_1,"194113,斗地主Doudizhu 4.43.rep",SupeRocK,1,贫农,T,农民
20250522,20250522_1,"194113,斗地主Doudizhu 4.43.rep",lansoov,1,贫农,T,农民
20250522,20250522_1,"194113,斗地主Doudizhu 4.43.rep",DDR[Pro],1,贫农,P,农民
20250522,20250522_1,"194113,斗地主Doudizhu 4.43.rep",GGrush_Doudizhu,1,贫农,P,农民
20250522,20250522_2,"200031,斗地主Doudizhu 4.43.rep",Kid,0,地主,P,农民
20250522,20250522_2,"200031,斗地主Doudizhu 4.43.rep",LeiLei,0,地主,T,农民
20250522,20250522_2,"200031,斗地主Doudizhu 4.43.rep",jaystar,0,地主,P,农民
20250522,20250522_2,"200031,斗地主Doudizhu 4.43.rep",520kill,1,富农,P,农民
20250522,20250522_2,"200031,斗地主Doudizhu 4.43.rep",SupeRocK,1,贫农,T,农民
20250522,20250522_2,"200031,斗地主Doudizhu 4.43.rep",lansoov,1,贫农,T,农民
20250522,20250522_2,"200031,斗地主Doudizhu 4.43.rep",GGrush_Doudizhu,1,贫农,P,农民
20250522,20250522_2,"200031,斗地主Doudizhu 4.43.rep",DDR[Pro],1,贫农,P,农民
20250522,20250522_3,"201413,斗地主Doudizhu 4.43.rep",LeiLei,1,地主,T,地主
20250522,20250522_3,"201413,斗地主Doudizhu 4.43.rep",Kid,1,地主,P,地主
20250522,20250522_3,"201413,斗地主Doudizhu 4.43.rep",jaystar,1,地主,P,地主
20250522,20250522_3,"201413,斗地主Doudizhu 4.43.rep",520kill,0,富农,P,地主
20250522,20250522_3,"201413,斗地主Doudizhu 4.43.rep",lansoov,0,贫农,T,地主
20250522,20250522_3,"201413,斗地主Doudizhu 4.43.rep",SupeRocK,0,贫农,T,地主
20250522,20250522_3,"201413,斗地主Doudizhu 4.43.rep",DDR[Pro],0,贫农,P,地主
20250522,20250522_3,"201413,斗地主Doudizhu 4.43.rep",GGrush_Doudizhu,0,贫农,P,地主
20250522,20250522_4,"203011,斗地主Doudizhu 4.43.rep",LeiLei,0,地主,T,农民
20250522,20250522_4,"203011,斗地主Doudizhu 4.43.rep",Kid,0,地主,P,农民
20250522,20250522_4,"203011,斗地主Doudizhu 4.43.rep",jaystar,0,地主,P,农民
20250522,20250522_4,"203011,斗地主Doudizhu 4.43.rep",520kill,1,富农,P,农民
20250522,20250522_4,"203011,斗地主Doudizhu 4.43.rep",GGrush_Doudizhu,1,贫农,T,农民
20250522,20250522_4,"203011,斗地主Doudizhu 4.43.rep",lansoov,1,贫农,T,农民
20250522,20250522_4,"203011,斗地主Doudizhu 4.43.rep",SupeRocK,1,贫农,Z,农民
20250522,20250522_4,"203011,斗地主Doudizhu 4.43.rep",DDR[Pro],1,贫农,P,农民
20250522,20250522_5,"205102,斗地主Doudizhu 4.43.rep",Kid,1,地主,P,地主
20250522,20250522_5,"205102,斗地主Doudizhu 4.43.rep",LeiLei,1,地主,T,地主
20250522,20250522_5,"205102,斗地主Doudizhu 4.43.rep",jaystar,1,地主,P,地主
20250522,20250522_5,"205102,斗地主Doudizhu 4.43.rep",520kill,0,富农,P,地主
20250522,20250522_5,"205102,斗地主Doudizhu 4.43.rep",DDR[Pro],0,贫农,P,地主
20250522,20250522_5,"205102,斗地主Doudizhu 4.43.rep",SupeRocK,0,贫农,Z,地主
20250522,20250522_5,"205102,斗地主Doudizhu 4.43.rep",lansoov,0,贫农,T,地主
20250522,20250522_5,"205102,斗地主Doudizhu 4.43.rep",GGrush_Doudizhu,0,贫农,T,地主
20250522,20250522_6,"210044,斗地主Doudizhu 4.43.rep",Kid,0,地主,P,农民
20250522,20250522_6,"210044,斗地主Doudizhu 4.43.rep",YY_go06,0,地主,T,农民
20250522,20250522_6,"210044,斗地主Doudizhu 4.43.rep",jaystar,0,地主,P,农民
20250522,20250522_6,"210044,斗地主Doudizhu 4.43.rep",GGrush_Doudizhu,1,富农,P,农民
20250522,20250522_6,"210044,斗地主Doudizhu 4.43.rep",520kill,1,贫农,T,农民
20250522,20250522_6,"210044,斗地主Doudizhu 4.43.rep",DDR[Pro],1,贫农,P,农民
20250522,20250522_6,"210044,斗地主Doudizhu 4.43.rep",lansoov,1,贫农,P,农民
20250522,20250522_6,"210044,斗地主Doudizhu 4.43.rep",SupeRocK,1,贫农,Z,农民
20250522,20250522_7,"211212,斗地主Doudizhu 4.43.rep",YY_go06,0,地主,P,农民
20250522,20250522_7,"211212,斗地主Doudizhu 4.43.rep",Kid,0,地主,P,农民
20250522,20250522_7,"211212,斗地主Doudizhu 4.43.rep",jaystar,0,地主,P,农民
20250522,20250522_7,"211212,斗地主Doudizhu 4.43.rep",GGrush_Doudizhu,1,富农,P,农民
20250522,20250522_7,"211212,斗地主Doudizhu 4.43.rep",520kill,1,贫农,T,农民
20250522,20250522_7,"211212,斗地主Doudizhu 4.43.rep",lansoov,1,贫农,P,农民
20250522,20250522_7,"211212,斗地主Doudizhu 4.43.rep",DDR[Pro],1,贫农,P,农民
20250522,20250522_7,"211212,斗地主Doudizhu 4.43.rep",SupeRocK,1,贫农,T,农民
20250522,20250522_8,"214019,斗地主Doudizhu 4.43.rep",Kid,0,地主,T,农民
20250522,20250522_8,"214019,斗地主Doudizhu 4.43.rep",YY_go06,0,地主,P,农民
20250522,20250522_8,"214019,斗地主Doudizhu 4.43.rep",jaystar,0,地主,P,农民
20250522,20250522_8,"214019,斗地主Doudizhu 4.43.rep",GGrush_Doudizhu,1,富农,Z,农民
20250522,20250522_8,"214019,斗地主Doudizhu 4.43.rep",IKILllIII,1,贫农,P,农民
20250522,20250522_8,"214019,斗地主Doudizhu 4.43.rep",lansoov,1,贫农,P,农民
20250522,20250522_8,"214019,斗地主Doudizhu 4.43.rep",44ikljli,1,贫农,T,农民
20250522,20250522_8,"214019,斗地主Doudizhu 4.43.rep",SupeRocK,1,贫农,Z,农民
20250522,20250522_9,"220114,斗地主Doudizhu 4.43.rep",YY_go06,0,地主,P,农民
20250522,20250522_9,"220114,斗地主Doudizhu 4.43.rep",Kid,0,地主,Z,农民
20250522,20250522_9,"220114,斗地主Doudizhu 4.43.rep",jaystar,0,地主,P,农民
20250522,20250522_9,"220114,斗地主Doudizhu 4.43.rep",GGrush_Doudizhu,1,富农,P,农民
20250522,20250522_9,"220114,斗地主Doudizhu 4.43.rep",lansoov,1,贫农,P,农民
20250522,20250522_9,"220114,斗地主Doudizhu 4.43.rep",SupeRocK,1,贫农,T,农民
20250522,20250522_9,"220114,斗地主Doudizhu 4.43.rep",SC==G0D~,1,贫农,Z,农民
20250522,20250522_9,"220114,斗地主Doudizhu 4.43.rep",44ikljli,1,贫农,T,农民
20250523,20250523_1,"194041,斗地主Doudizhu 4.43.rep",FoR_TVSPZ,0,地主,P,农民
20250523,20250523_1,"194041,斗地主Doudizhu 4.43.rep",lansoov,0,地主,P,农民
20250523,20250523_1,"194041,斗地主Doudizhu 4.43.rep",do''do,0,地主,Z,农民
20250523,20250523_1,"194041,斗地主Doudizhu 4.43.rep",GGrush_Doudizhu,1,富农,Z,农民
20250523,20250523_1,"194041,斗地主Doudizhu 4.43.rep",mosuo,1,贫农,P,农民
20250523,20250523_1,"194041,斗地主Doudizhu 4.43.rep",FFS-no.1,1,贫农,Z,农民
20250523,20250523_1,"194041,斗地主Doudizhu 4.43.rep",bao'lixiao'di,1,贫农,T,农民
20250523,20250523_1,"194041,斗地主Doudizhu 4.43.rep",Quakextm,1,贫农,P,农民
20250523,20250523_2,"200607,斗地主Doudizhu 4.43.rep",lansoov,0,地主,P,农民
20250523,20250523_2,"200607,斗地主Doudizhu 4.43.rep",VGer_Whc,0,地主,P,农民
20250523,20250523_2,"200607,斗地主Doudizhu 4.43.rep",NiceBird,0,地主,Z,农民
20250523,20250523_2,"200607,斗地主Doudizhu 4.43.rep",GGrush_Doudizhu,1,富农,P,农民
20250523,20250523_2,"200607,斗地主Doudizhu 4.43.rep",Quakextm,1,贫农,P,农民
20250523,20250523_2,"200607,斗地主Doudizhu 4.43.rep",FFS-no.1,1,贫农,T,农民
20250523,20250523_2,"200607,斗地主Doudizhu 4.43.rep",44ikljli,1,贫农,T,农民
20250523,20250523_2,"200607,斗地主Doudizhu 4.43.rep",do''do,1,贫农,T,农民
20250523,20250523_3,"201534,斗地主Doudizhu 4.43.rep",VGer_Whc,0,地主,P,农民
20250523,20250523_3,"201534,斗地主Doudizhu 4.43.rep",9527mog,0,地主,Z,农民
20250523,20250523_3,"201534,斗地主Doudizhu 4.43.rep",lansoov,0,地主,P,农民
20250523,20250523_3,"201534,斗地主Doudizhu 4.43.rep",GGrush_Doudizhu,1,富农,P,农民
20250523,20250523_3,"201534,斗地主Doudizhu 4.43.rep",do''do,1,贫农,T,农民
20250523,20250523_3,"201534,斗地主Doudizhu 4.43.rep",mosuo,1,贫农,P,农民
20250523,20250523_3,"201534,斗地主Doudizhu 4.43.rep",Quakextm,1,贫农,P,农民
20250523,20250523_3,"201534,斗地主Doudizhu 4.43.rep",FFS-no.1,1,贫农,Z,农民
20250523,20250523_4,"202226,斗地主Doudizhu 4.43.rep",lansoov,1,地主,T,地主
20250523,20250523_4,"202226,斗地主Doudizhu 4.43.rep",9527mog,1,地主,P,地主
20250523,20250523_4,"202226,斗地主Doudizhu 4.43.rep",VGer_Whc,1,地主,P,地主
20250523,20250523_4,"202226,斗地主Doudizhu 4.43.rep",GGrush_Doudizhu,0,富农,P,地主
20250523,20250523_4,"202226,斗地主Doudizhu 4.43.rep",FFS-no.1,0,贫农,Z,地主
20250523,20250523_4,"202226,斗地主Doudizhu 4.43.rep",SC==G0D~,0,贫农,Z,地主
20250523,20250523_4,"202226,斗地主Doudizhu 4.43.rep",44ikljli,0,贫农,T,地主
20250523,20250523_4,"202226,斗地主Doudizhu 4.43.rep",do''do,0,贫农,T,地主
20250523,20250523_5,"203920,斗地主Doudizhu 4.43.rep",9527mog,1,地主,Z,地主
20250523,20250523_5,"203920,斗地主Doudizhu 4.43.rep",lansoov,1,地主,P,地主
20250523,20250523_5,"203920,斗地主Doudizhu 4.43.rep",VGer_Whc,1,地主,P,地主
20250523,20250523_5,"203920,斗地主Doudizhu 4.43.rep",GGrush_Doudizhu,0,富农,P,地主
20250523,20250523_5,"203920,斗地主Doudizhu 4.43.rep",SC==G0D~,0,贫农,Z,地主
20250523,20250523_5,"203920,斗地主Doudizhu 4.43.rep",mosuo,0,贫农,P,地主
20250523,20250523_5,"203920,斗地主Doudizhu 4.43.rep",44ikljli,0,贫农,T,地主
20250523,20250523_5,"203920,斗地主Doudizhu 4.43.rep",FFS-no.1,0,贫农,Z,地主
20250523,20250523_6,"205749,斗地主Doudizhu 4.43.rep",GGrush_Doudizhu,0,地主,P,农民
20250523,20250523_6,"205749,斗地主Doudizhu 4.43.rep",lansoov,0,地主,P,农民
20250523,20250523_6,"205749,斗地主Doudizhu 4.43.rep",VGer_Whc,0,地主,P,农民
20250523,20250523_6,"205749,斗地主Doudizhu 4.43.rep",9527mog,1,富农,P,农民
20250523,20250523_6,"205749,斗地主Doudizhu 4.43.rep",44ikljli,1,贫农,P,农民
20250523,20250523_6,"205749,斗地主Doudizhu 4.43.rep",FoR_TVSPZ,1,贫农,T,农民
20250523,20250523_6,"205749,斗地主Doudizhu 4.43.rep",FFS-no.1,1,贫农,T,农民
20250523,20250523_6,"205749,斗地主Doudizhu 4.43.rep",FFS-DBS,1,贫农,T,农民
20250523,20250523_7,"212210,斗地主Doudizhu 4.43.rep",GGrush_Doudizhu,1,地主,T,地主
20250523,20250523_7,"212210,斗地主Doudizhu 4.43.rep",VGer_Whc,1,地主,P,地主
20250523,20250523_7,"212210,斗地主Doudizhu 4.43.rep",lansoov,1,地主,P,地主
20250523,20250523_7,"212210,斗地主Doudizhu 4.43.rep",9527mog,0,富农,Z,地主
20250523,20250523_7,"212210,斗地主Doudizhu 4.43.rep",SC==G0D~,0,贫农,Z,地主
20250523,20250523_7,"212210,斗地主Doudizhu 4.43.rep",FFS-DBS,0,贫农,T,地主
20250523,20250523_7,"212210,斗地主Doudizhu 4.43.rep",44ikljli,0,贫农,T,地主
20250523,20250523_7,"212210,斗地主Doudizhu 4.43.rep",FFS-no.1,0,贫农,P,地主
20250523,20250523_8,"214508,斗地主Doudizhu 8R-0.1.rep",do''do,1,地主,P,地主
20250523,20250523_8,"214508,斗地主Doudizhu 8R-0.1.rep",9527mog,1,地主,P,地主
20250523,20250523_8,"214508,斗地主Doudizhu 8R-0.1.rep",bao'lixiao'di,1,地主,Z,地主
20250523,20250523_8,"214508,斗地主Doudizhu 8R-0.1.rep",44ikljli,0,富农,T,地主
20250523,20250523_8,"214508,斗地主Doudizhu 8R-0.1.rep",FFS-DBS,0,贫农,P,地主
20250523,20250523_8,"214508,斗地主Doudizhu 8R-0.1.rep",FFS-no.1,0,贫农,P,地主
20250523,20250523_8,"214508,斗地主Doudizhu 8R-0.1.rep",mehdiren,0,贫农,Z,地主
20250523,20250523_8,"214508,斗地主Doudizhu 8R-0.1.rep",mosuo,0,贫农,P,地主
20250523,20250523_9,"215245,斗地主Doudizhu 8R-0.1.rep",VGer_Whc,0,地主,P,农民
20250523,20250523_9,"215245,斗地主Doudizhu 8R-0.1.rep",FFS-DBS,0,地主,P,农民
20250523,20250523_9,"215245,斗地主Doudizhu 8R-0.1.rep",mehdiren,0,地主,Z,农民
20250523,20250523_9,"215245,斗地主Doudizhu 8R-0.1.rep",lxllll,1,富农,Z,农民
20250523,20250523_9,"215245,斗地主Doudizhu 8R-0.1.rep",mosuo,1,贫农,P,农民
20250523,20250523_9,"215245,斗地主Doudizhu 8R-0.1.rep",IKILllIII,1,贫农,P,农民
20250523,20250523_9,"215245,斗地主Doudizhu 8R-0.1.rep",SC==G0D~,1,贫农,Z,农民
20250523,20250523_9,"215245,斗地主Doudizhu 8R-0.1.rep",FFS-no.1,1,贫农,P,农民
20250523,20250523_10,"220146,斗地主Doudizhu 8R-0.1.rep",FFS-no.1,0,地主,P,农民
20250523,20250523_10,"220146,斗地主Doudizhu 8R-0.1.rep",lxllll,0,地主,Z,农民
20250523,20250523_10,"220146,斗地主Doudizhu 8R-0.1.rep",FFS-DBS,0,地主,T,农民
20250523,20250523_10,"220146,斗地主Doudizhu 8R-0.1.rep",mosuo,1,富农,P,农民
20250523,20250523_10,"220146,斗地主Doudizhu 8R-0.1.rep",VGer_Whc,1,贫农,P,农民
20250523,20250523_10,"220146,斗地主Doudizhu 8R-0.1.rep",IKILllIII,1,贫农,P,农民
20250523,20250523_10,"220146,斗地主Doudizhu 8R-0.1.rep",mehdiren,1,贫农,Z,农民
20250523,20250523_10,"220146,斗地主Doudizhu 8R-0.1.rep",SC==G0D~,1,贫农,Z,农民
20250523,20250523_11,"222533,斗地主Doudizhu 8R-0.1.rep",zhendeniu,0,地主,P,农民
20250523,20250523_11,"222533,斗地主Doudizhu 8R-0.1.rep",9527mog,0,地主,P,农民
20250523,20250523_11,"222533,斗地主Doudizhu 8R-0.1.rep",SC==G0D~,0,地主,Z,农民
20250523,20250523_11,"222533,斗地主Doudizhu 8R-0.1.rep",FFS-DBS,1,富农,T,农民
20250523,20250523_11,"222533,斗地主Doudizhu 8R-0.1.rep",VGer_Whc,1,贫农,P,农民
20250523,20250523_11,"222533,斗地主Doudizhu 8R-0.1.rep",mosuo,1,贫农,P,农民
20250523,20250523_11,"222533,斗地主Doudizhu 8R-0.1.rep",FFS-no.1,1,贫农,P,农民
20250523,20250523_11,"222533,斗地主Doudizhu 8R-0.1.rep",mehdiren,1,贫农,P,农民
20250523,20250523_12,"224136,斗地主Doudizhu 8R-0.1.rep",44ikljli,1,地主,T,地主
20250523,20250523_12,"224136,斗地主Doudizhu 8R-0.1.rep",zhendeniu,1,地主,P,地主
20250523,20250523_12,"224136,斗地主Doudizhu 8R-0.1.rep",feifeiht,1,地主,P,地主
20250523,20250523_12,"224136,斗地主Doudizhu 8R-0.1.rep",SC==G0D~,0,富农,Z,地主
20250523,20250523_12,"224136,斗地主Doudizhu 8R-0.1.rep",FFS-no.1,0,贫农,P,地主
20250523,20250523_12,"224136,斗地主Doudizhu 8R-0.1.rep",mehdiren,0,贫农,T,地主
20250523,20250523_12,"224136,斗地主Doudizhu 8R-0.1.rep",FFS-DBS,0,贫农,P,地主
20250523,20250523_12,"224136,斗地主Doudizhu 8R-0.1.rep",CLOSE777,0,贫农,P,地主
20250523,20250523_13,"230212,斗地主Doudizhu 4.43.rep",VGer_Whc,1,地主,P,地主
20250523,20250523_13,"230212,斗地主Doudizhu 4.43.rep",lansoov,1,地主,P,地主
20250523,20250523_13,"230212,斗地主Doudizhu 4.43.rep",CLOSE777,1,地主,T,地主
20250523,20250523_13,"230212,斗地主Doudizhu 4.43.rep",paijipao,0,富农,P,地主
20250523,20250523_13,"230212,斗地主Doudizhu 4.43.rep",zhendeniu,0,贫农,P,地主
20250523,20250523_13,"230212,斗地主Doudizhu 4.43.rep",FFS-no.1,0,贫农,P,地主
20250523,20250523_13,"230212,斗地主Doudizhu 4.43.rep",mosuo,0,贫农,P,地主
20250523,20250523_13,"230212,斗地主Doudizhu 4.43.rep",mehdiren,0,贫农,Z,地主
20250523,20250523_14,"232406,斗地主Doudizhu 4.43.rep",CLOSE777,1,地主,P,地主
20250523,20250523_14,"232406,斗地主Doudizhu 4.43.rep",FFS-fly,1,地主,P,地主
20250523,20250523_14,"232406,斗地主Doudizhu 4.43.rep",paijipao,1,地主,P,地主
20250523,20250523_14,"232406,斗地主Doudizhu 4.43.rep",feifeiht,0,富农,Z,地主
20250523,20250523_14,"232406,斗地主Doudizhu 4.43.rep",FFS_Stefsunli,0,贫农,T,地主
20250523,20250523_14,"232406,斗地主Doudizhu 4.43.rep",lansoov,0,贫农,T,地主
20250523,20250523_14,"232406,斗地主Doudizhu 4.43.rep",mosuo,0,贫农,P,地主
20250523,20250523_14,"232406,斗地主Doudizhu 4.43.rep",mehdiren,0,贫农,Z,地主
20250524,20250524_1,"204544,斗地主Doudizhu 4.43.rep",Luckyy2023,1,地主,Z,地主
20250524,20250524_1,"204544,斗地主Doudizhu 4.43.rep",mosuo,1,地主,P,地主
20250524,20250524_1,"204544,斗地主Doudizhu 4.43.rep",nianqing,1,地主,P,地主
20250524,20250524_1,"204544,斗地主Doudizhu 4.43.rep",Kiss-.-,0,富农,T,地主
20250524,20250524_1,"204544,斗地主Doudizhu 4.43.rep",TianW,0,贫农,T,地主
20250524,20250524_1,"204544,斗地主Doudizhu 4.43.rep",DDR[Pro],0,贫农,P,地主
20250524,20250524_1,"204544,斗地主Doudizhu 4.43.rep",SC==G0D~,0,贫农,Z,地主
20250524,20250524_1,"204544,斗地主Doudizhu 4.43.rep",FF-GBLW,0,贫农,T,地主
20250524,20250524_2,"205446,斗地主Doudizhu 4.43.rep",Luckyy2023,1,地主,Z,地主
20250524,20250524_2,"205446,斗地主Doudizhu 4.43.rep",FFS-fly,1,地主,P,地主
20250524,20250524_2,"205446,斗地主Doudizhu 4.43.rep",nianqing,1,地主,P,地主
20250524,20250524_2,"205446,斗地主Doudizhu 4.43.rep",Kiss-.-,0,富农,P,地主
20250524,20250524_2,"205446,斗地主Doudizhu 4.43.rep",NiceBird,0,贫农,P,地主
20250524,20250524_2,"205446,斗地主Doudizhu 4.43.rep",TianW,0,贫农,T,地主
20250524,20250524_2,"205446,斗地主Doudizhu 4.43.rep",DDR[Pro],0,贫农,T,地主
20250524,20250524_2,"205446,斗地主Doudizhu 4.43.rep",FFS-9527,0,贫农,P,地主
20250524,20250524_3,"210723,斗地主Doudizhu 4.43.rep",CLOSE777,1,地主,P,地主
20250524,20250524_3,"210723,斗地主Doudizhu 4.43.rep",FFS-fly,1,地主,P,地主
20250524,20250524_3,"210723,斗地主Doudizhu 4.43.rep",wuenbin1980,1,地主,P,地主
20250524,20250524_3,"210723,斗地主Doudizhu 4.43.rep",Kiss-.-,0,富农,P,地主
20250524,20250524_3,"210723,斗地主Doudizhu 4.43.rep",nianqing,0,贫农,T,地主
20250524,20250524_3,"210723,斗地主Doudizhu 4.43.rep",FFS-9527,0,贫农,P,地主
20250524,20250524_3,"210723,斗地主Doudizhu 4.43.rep",Luckyy2023,0,贫农,Z,地主
20250524,20250524_3,"210723,斗地主Doudizhu 4.43.rep",TianW,0,贫农,T,地主
20250524,20250524_4,"212341,斗地主Doudizhu 4.43.rep",FF-GBLW,0,地主,P,农民
20250524,20250524_4,"212341,斗地主Doudizhu 4.43.rep",FFS-fly,0,地主,P,农民
20250524,20250524_4,"212341,斗地主Doudizhu 4.43.rep",Kiss-.-,0,地主,T,农民
20250524,20250524_4,"212341,斗地主Doudizhu 4.43.rep",DDR[Pro],1,富农,P,农民
20250524,20250524_4,"212341,斗地主Doudizhu 4.43.rep",Luckyy2023,1,贫农,P,农民
20250524,20250524_4,"212341,斗地主Doudizhu 4.43.rep",SC==G0D~,1,贫农,Z,农民
20250524,20250524_4,"212341,斗地主Doudizhu 4.43.rep",nianqing,1,贫农,P,农民
20250524,20250524_4,"212341,斗地主Doudizhu 4.43.rep",TianW,1,贫农,T,农民
20250524,20250524_5,"214534,斗地主Doudizhu 4.43.rep",FFS-fly,0,地主,P,农民
20250524,20250524_5,"214534,斗地主Doudizhu 4.43.rep",lxllll,0,地主,Z,农民
20250524,20250524_5,"214534,斗地主Doudizhu 4.43.rep",FFS-9527,0,地主,T,农民
20250524,20250524_5,"214534,斗地主Doudizhu 4.43.rep",nianqing,1,富农,P,农民
20250524,20250524_5,"214534,斗地主Doudizhu 4.43.rep",DDR[Pro],1,贫农,T,农民
20250524,20250524_5,"214534,斗地主Doudizhu 4.43.rep",SC==G0D~,1,贫农,Z,农民
20250524,20250524_5,"214534,斗地主Doudizhu 4.43.rep",FF-GBLW,1,贫农,T,农民
20250524,20250524_5,"214534,斗地主Doudizhu 4.43.rep",TianW,1,贫农,Z,农民
20250524,20250524_6,"221222,斗地主Doudizhu 4.43.rep",lxllll,0,地主,Z,农民
20250524,20250524_6,"221222,斗地主Doudizhu 4.43.rep",FFS-fly,0,地主,P,农民
20250524,20250524_6,"221222,斗地主Doudizhu 4.43.rep",9527mog,0,地主,P,农民
20250524,20250524_6,"221222,斗地主Doudizhu 4.43.rep",TianW,1,富农,P,农民
20250524,20250524_6,"221222,斗地主Doudizhu 4.43.rep",Koxulka123,1,贫农,P,农民
20250524,20250524_6,"221222,斗地主Doudizhu 4.43.rep",blackdos,1,贫农,T,农民
20250524,20250524_6,"221222,斗地主Doudizhu 4.43.rep",lansoov,1,贫农,T,农民
20250524,20250524_6,"221222,斗地主Doudizhu 4.43.rep",SC==G0D~,1,贫农,Z,农民
20250524,20250524_7,"223212,斗地主Doudizhu 4.43.rep",DDR[Pro],0,地主,P,农民
20250524,20250524_7,"223212,斗地主Doudizhu 4.43.rep",FFS-fly,0,地主,P,农民
20250524,20250524_7,"223212,斗地主Doudizhu 4.43.rep",CLOSE777,0,地主,T,农民
20250524,20250524_7,"223212,斗地主Doudizhu 4.43.rep",TianW,1,富农,P,农民
20250524,20250524_7,"223212,斗地主Doudizhu 4.43.rep",FF-GBLW,1,贫农,P,农民
20250524,20250524_7,"223212,斗地主Doudizhu 4.43.rep",SC==G0D~,1,贫农,Z,农民
20250524,20250524_7,"223212,斗地主Doudizhu 4.43.rep",lansoov,1,贫农,P,农民
20250524,20250524_7,"223212,斗地主Doudizhu 4.43.rep",VGer_Whc,1,贫农,Z,农民
20250524,20250524_8,"222022,斗地主Doudizhu 8R-0.1.rep",44ikljli,1,地主,T,地主
20250524,20250524_8,"222022,斗地主Doudizhu 8R-0.1.rep",lxllll,1,地主,Z,地主
20250524,20250524_8,"222022,斗地主Doudizhu 8R-0.1.rep",FFS-9527,1,地主,P,地主
20250524,20250524_8,"222022,斗地主Doudizhu 8R-0.1.rep",do''do,0,富农,Z,地主
20250524,20250524_8,"222022,斗地主Doudizhu 8R-0.1.rep",9527mog,0,贫农,P,地主
20250524,20250524_8,"222022,斗地主Doudizhu 8R-0.1.rep",Luckyy2023,0,贫农,Z,地主
20250524,20250524_8,"222022,斗地主Doudizhu 8R-0.1.rep",FFS-no.1,0,贫农,P,地主
20250524,20250524_8,"222022,斗地主Doudizhu 8R-0.1.rep",mosuo,0,贫农,P,地主
20250524,20250524_9,"224545,斗地主Doudizhu 8R-0.1.rep",bao'lixiao'di,0,地主,Z,农民
20250524,20250524_9,"224545,斗地主Doudizhu 8R-0.1.rep",Luckyy2023,0,地主,P,农民
20250524,20250524_9,"224545,斗地主Doudizhu 8R-0.1.rep",mosuo,0,地主,P,农民
20250524,20250524_9,"224545,斗地主Doudizhu 8R-0.1.rep",FFS-9527,1,富农,P,农民
20250524,20250524_9,"224545,斗地主Doudizhu 8R-0.1.rep",lxllll,1,贫农,Z,农民
20250524,20250524_9,"224545,斗地主Doudizhu 8R-0.1.rep",FFS-no.1,1,贫农,T,农民
20250524,20250524_9,"224545,斗地主Doudizhu 8R-0.1.rep",44ikljli,1,贫农,T,农民
20250524,20250524_9,"224545,斗地主Doudizhu 8R-0.1.rep",9527mog,1,贫农,P,农民
20250524,20250524_10,"225726,斗地主Doudizhu 4.43.rep",FFS-fly,0,地主,P,农民
20250524,20250524_10,"225726,斗地主Doudizhu 4.43.rep",DDR[Pro],0,地主,P,农民
20250524,20250524_10,"225726,斗地主Doudizhu 4.43.rep",NiceBird,0,地主,T,农民
20250524,20250524_10,"225726,斗地主Doudizhu 4.43.rep",TianW,1,富农,P,农民
20250524,20250524_10,"225726,斗地主Doudizhu 4.43.rep",lansoov,1,贫农,T,农民
20250524,20250524_10,"225726,斗地主Doudizhu 4.43.rep",FF-GBLW,1,贫农,P,农民
20250524,20250524_10,"225726,斗地主Doudizhu 4.43.rep",VGer_Whc,1,贫农,Z,农民
20250524,20250524_10,"225726,斗地主Doudizhu 4.43.rep",blackdos,1,贫农,Z,农民
20250524,20250524_11,"230315,斗地主Doudizhu 8R-0.1.rep",do''do,0,地主,Z,农民
20250524,20250524_11,"230315,斗地主Doudizhu 8R-0.1.rep",Koxulka123,0,地主,P,农民
20250524,20250524_11,"230315,斗地主Doudizhu 8R-0.1.rep",Luckyy2023,0,地主,P,农民
20250524,20250524_11,"230315,斗地主Doudizhu 8R-0.1.rep",lxllll,1,富农,Z,农民
20250524,20250524_11,"230315,斗地主Doudizhu 8R-0.1.rep",44ikljli,1,贫农,T,农民
20250524,20250524_11,"230315,斗地主Doudizhu 8R-0.1.rep",9527mog,1,贫农,P,农民
20250524,20250524_11,"230315,斗地主Doudizhu 8R-0.1.rep",mosuo,1,贫农,P,农民
20250524,20250524_11,"230315,斗地主Doudizhu 8R-0.1.rep",FFS-9527,1,贫农,P,农民
20250524,20250524_12,"233227,斗地主Doudizhu 4.43.rep",lansoov,0,地主,Z,农民
20250524,20250524_12,"233227,斗地主Doudizhu 4.43.rep",NiceBird,0,地主,T,农民
20250524,20250524_12,"233227,斗地主Doudizhu 4.43.rep",VGer_Whc,0,地主,P,农民
20250524,20250524_12,"233227,斗地主Doudizhu 4.43.rep",TianW,1,富农,P,农民
20250524,20250524_12,"233227,斗地主Doudizhu 4.43.rep",SC==G0D~,1,贫农,Z,农民
20250524,20250524_12,"233227,斗地主Doudizhu 4.43.rep",FFS-fly,1,贫农,P,农民
20250524,20250524_12,"233227,斗地主Doudizhu 4.43.rep",DDR[Pro],1,贫农,P,农民
20250524,20250524_12,"233227,斗地主Doudizhu 4.43.rep",mascot520,1,贫农,T,农民
20250524,20250524_13,"231422,斗地主Doudizhu 8R-0.1.rep",lxllll,0,地主,Z,农民
20250524,20250524_13,"231422,斗地主Doudizhu 8R-0.1.rep",mosuo,0,地主,P,农民
20250524,20250524_13,"231422,斗地主Doudizhu 8R-0.1.rep",Koxulka123,0,地主,Z,农民
20250524,20250524_13,"231422,斗地主Doudizhu 8R-0.1.rep",FFS-9527,1,富农,P,农民
20250524,20250524_13,"231422,斗地主Doudizhu 8R-0.1.rep",FFS-no.1,1,贫农,T,农民
20250524,20250524_13,"231422,斗地主Doudizhu 8R-0.1.rep",9527mog,1,贫农,P,农民
20250524,20250524_13,"231422,斗地主Doudizhu 8R-0.1.rep",44ikljli,1,贫农,T,农民
20250524,20250524_13,"231422,斗地主Doudizhu 8R-0.1.rep",Luckyy2023,1,贫农,P,农民
20250524,20250524_14,"232243,斗地主Doudizhu 8R-0.1.rep",lxllll,0,地主,Z,农民
20250524,20250524_14,"232243,斗地主Doudizhu 8R-0.1.rep",Koxulka123,0,地主,Z,农民
20250524,20250524_14,"232243,斗地主Doudizhu 8R-0.1.rep",FFS-9527,0,地主,P,农民
20250524,20250524_14,"232243,斗地主Doudizhu 8R-0.1.rep",Luckyy2023,1,富农,P,农民
20250524,20250524_14,"232243,斗地主Doudizhu 8R-0.1.rep",44ikljli,1,贫农,T,农民
20250524,20250524_14,"232243,斗地主Doudizhu 8R-0.1.rep",mosuo,1,贫农,P,农民
20250524,20250524_14,"232243,斗地主Doudizhu 8R-0.1.rep",9527mog,1,贫农,P,农民
20250524,20250524_14,"232243,斗地主Doudizhu 8R-0.1.rep",FFS-no.1,1,贫农,T,农民
20250524,20250524_15,"234114,斗地主Doudizhu 4.43.rep",DDR[Pro],1,地主,P,地主
20250524,20250524_15,"234114,斗地主Doudizhu 4.43.rep",FFS-fly,1,地主,P,地主
20250524,20250524_15,"234114,斗地主Doudizhu 4.43.rep",CLOSE777,1,地主,P,地主
20250524,20250524_15,"234114,斗地主Doudizhu 4.43.rep",TianW,0,富农,P,地主
20250524,20250524_15,"234114,斗地主Doudizhu 4.43.rep",SC==G0D~,0,贫农,Z,地主
20250524,20250524_15,"234114,斗地主Doudizhu 4.43.rep",lansoov,0,贫农,P,地主
20250524,20250524_15,"234114,斗地主Doudizhu 4.43.rep",VGer_Whc,0,贫农,T,地主
20250524,20250524_15,"234114,斗地主Doudizhu 4.43.rep",blackdos,0,贫农,T,地主
20250524,20250524_16,"235742,斗地主Doudizhu 4.43.rep",CLOSE777,1,地主,Z,地主
20250524,20250524_16,"235742,斗地主Doudizhu 4.43.rep",lansoov,1,地主,T,地主
20250524,20250524_16,"235742,斗地主Doudizhu 4.43.rep",VGer_Whc,1,地主,P,地主
20250524,20250524_16,"235742,斗地主Doudizhu 4.43.rep",TianW,0,富农,P,地主
20250524,20250524_16,"235742,斗地主Doudizhu 4.43.rep",SC==G0D~,0,贫农,Z,地主
20250524,20250524_16,"235742,斗地主Doudizhu 4.43.rep",FFS-fly,0,贫农,P,地主
20250524,20250524_16,"235742,斗地主Doudizhu 4.43.rep",DDR[Pro],0,贫农,T,地主
20250524,20250524_16,"235742,斗地主Doudizhu 4.43.rep",blackdos,0,贫农,T,地主
20250527,20250527_1,"201445,斗地主Doudizhu 4.45.rep",FoR_TVSPZ,0,地主,P,农民
20250527,20250527_1,"201445,斗地主Doudizhu 4.45.rep",Luckyy2023,0,地主,Z,农民
20250527,20250527_1,"201445,斗地主Doudizhu 4.45.rep",jindou,0,地主,P,农民
20250527,20250527_1,"201445,斗地主Doudizhu 4.45.rep",DDR[Pro],1,富农,P,农民
20250527,20250527_1,"201445,斗地主Doudizhu 4.45.rep",44ikljli,1,贫农,P,农民
20250527,20250527_1,"201445,斗地主Doudizhu 4.45.rep",do''do,1,贫农,Z,农民
20250527,20250527_1,"201445,斗地主Doudizhu 4.45.rep",wuenbin1980,1,贫农,P,农民
20250527,20250527_1,"201445,斗地主Doudizhu 4.45.rep",lansoov,1,贫农,Z,农民
20250527,20250527_2,"203948,斗地主Doudizhu 4.45.rep",NiceBird,1,地主,Z,地主
20250527,20250527_2,"203948,斗地主Doudizhu 4.45.rep",lansoov,1,地主,P,地主
20250527,20250527_2,"203948,斗地主Doudizhu 4.45.rep",Luckyy2023,1,地主,P,地主
20250527,20250527_2,"203948,斗地主Doudizhu 4.45.rep",FoR_TVSPZ,0,富农,P,地主
20250527,20250527_2,"203948,斗地主Doudizhu 4.45.rep",FFS-DBS,0,贫农,T,地主
20250527,20250527_2,"203948,斗地主Doudizhu 4.45.rep",FFS-Open-1,0,贫农,P,地主
20250527,20250527_2,"203948,斗地主Doudizhu 4.45.rep",mosuo,0,贫农,P,地主
20250527,20250527_2,"203948,斗地主Doudizhu 4.45.rep",jindou,0,贫农,T,地主
20250527,20250527_3,"205406,斗地主Doudizhu 4.45.rep",GGrush_Doudizhu,0,地主,P,农民
20250527,20250527_3,"205406,斗地主Doudizhu 4.45.rep",NiceBird,0,地主,T,农民
20250527,20250527_3,"205406,斗地主Doudizhu 4.45.rep",DDR[Pro],0,地主,P,农民
20250527,20250527_3,"205406,斗地主Doudizhu 4.45.rep",FoR_TVSPZ,1,富农,P,农民
20250527,20250527_3,"205406,斗地主Doudizhu 4.45.rep",nianqing,1,贫农,T,农民
20250527,20250527_3,"205406,斗地主Doudizhu 4.45.rep",FFS-Open-1,1,贫农,P,农民
20250527,20250527_3,"205406,斗地主Doudizhu 4.45.rep",wuenbin1980,1,贫农,P,农民
20250527,20250527_3,"205406,斗地主Doudizhu 4.45.rep",lansoov,1,贫农,Z,农民
20250527,20250527_4,"211307,斗地主Doudizhu 4.45.rep",FoR_TVSPZ,0,地主,P,农民
20250527,20250527_4,"211307,斗地主Doudizhu 4.45.rep",GGrush_Doudizhu,0,地主,P,农民
20250527,20250527_4,"211307,斗地主Doudizhu 4.45.rep",NiceBird,0,地主,Z,农民
20250527,20250527_4,"211307,斗地主Doudizhu 4.45.rep",Luckyy2023,1,富农,Z,农民
20250527,20250527_4,"211307,斗地主Doudizhu 4.45.rep",feifeiht,1,贫农,P,农民
20250527,20250527_4,"211307,斗地主Doudizhu 4.45.rep",jindou,1,贫农,T,农民
20250527,20250527_4,"211307,斗地主Doudizhu 4.45.rep",DDR[Pro],1,贫农,P,农民
20250527,20250527_4,"211307,斗地主Doudizhu 4.45.rep",FFS-DBS,1,贫农,T,农民
20250527,20250527_5,"212733,斗地主Doudizhu 4.45.rep",NiceBird,0,地主,P,农民
20250527,20250527_5,"212733,斗地主Doudizhu 4.45.rep",mosuo,0,地主,P,农民
20250527,20250527_5,"212733,斗地主Doudizhu 4.45.rep",jindou,0,地主,P,农民
20250527,20250527_5,"212733,斗地主Doudizhu 4.45.rep",GGrush_Doudizhu,1,富农,P,农民
20250527,20250527_5,"212733,斗地主Doudizhu 4.45.rep",FFS-DBS,1,贫农,T,农民
20250527,20250527_5,"212733,斗地主Doudizhu 4.45.rep",DDR[Pro],1,贫农,P,农民
20250527,20250527_5,"212733,斗地主Doudizhu 4.45.rep",nianqing,1,贫农,T,农民
20250527,20250527_5,"212733,斗地主Doudizhu 4.45.rep",feifeiht,1,贫农,P,农民
20250527,20250527_6,"214421,斗地主Doudizhu 8R-0.1.rep",Luckyy2023,0,地主,T,农民
20250527,20250527_6,"214421,斗地主Doudizhu 8R-0.1.rep",Flashback..,0,地主,T,农民
20250527,20250527_6,"214421,斗地主Doudizhu 8R-0.1.rep",mosuo,0,地主,P,农民
20250527,20250527_6,"214421,斗地主Doudizhu 8R-0.1.rep",feifeiht,1,富农,P,农民
20250527,20250527_6,"214421,斗地主Doudizhu 8R-0.1.rep",blackdos,1,贫农,Z,农民
20250527,20250527_6,"214421,斗地主Doudizhu 8R-0.1.rep",ctrl+Q++Q,1,贫农,Z,农民
20250527,20250527_6,"214421,斗地主Doudizhu 8R-0.1.rep",nianqing,1,贫农,P,农民
20250527,20250527_6,"214421,斗地主Doudizhu 8R-0.1.rep",weimin,1,贫农,P,农民
20250527,20250527_7,"215443,斗地主Doudizhu 4.45.rep",FFS-Open-1,1,地主,P,地主
20250527,20250527_7,"215443,斗地主Doudizhu 4.45.rep",FoR_TVSPZ,1,地主,P,地主
20250527,20250527_7,"215443,斗地主Doudizhu 4.45.rep",GGrush_Doudizhu,1,地主,Z,地主
20250527,20250527_7,"215443,斗地主Doudizhu 4.45.rep",lansoov,0,富农,P,地主
20250527,20250527_7,"215443,斗地主Doudizhu 4.45.rep",jindou,0,贫农,T,地主
20250527,20250527_7,"215443,斗地主Doudizhu 4.45.rep",FFS-no.1,0,贫农,P,地主
20250527,20250527_7,"215443,斗地主Doudizhu 4.45.rep",DDR[Pro],0,贫农,P,地主
20250527,20250527_7,"215443,斗地主Doudizhu 4.45.rep",wuenbin1980,0,贫农,P,地主
20250527,20250527_8,"220859,斗地主Doudizhu 8R-0.1.rep",blackdos,0,地主,P,农民
20250527,20250527_8,"220859,斗地主Doudizhu 8R-0.1.rep",tuyukoreasex,0,地主,P,农民
20250527,20250527_8,"220859,斗地主Doudizhu 8R-0.1.rep",feifeiht,0,地主,T,农民
20250527,20250527_8,"220859,斗地主Doudizhu 8R-0.1.rep",nianqing,1,富农,Z,农民
20250527,20250527_8,"220859,斗地主Doudizhu 8R-0.1.rep",ctrl+Q++Q,1,贫农,Z,农民
20250527,20250527_8,"220859,斗地主Doudizhu 8R-0.1.rep",Flashback..,1,贫农,T,农民
20250527,20250527_8,"220859,斗地主Doudizhu 8R-0.1.rep",mosuo,1,贫农,P,农民
20250527,20250527_8,"220859,斗地主Doudizhu 8R-0.1.rep",weimin,1,贫农,P,农民
20250527,20250527_9,"221747,斗地主Doudizhu 4.45.rep",lansoov,1,地主,P,地主
20250527,20250527_9,"221747,斗地主Doudizhu 4.45.rep",SC==G0D~,1,地主,Z,地主
20250527,20250527_9,"221747,斗地主Doudizhu 4.45.rep",lxllll,1,地主,Z,地主
20250527,20250527_9,"221747,斗地主Doudizhu 4.45.rep",FoR_TVSPZ,0,富农,P,地主
20250527,20250527_9,"221747,斗地主Doudizhu 4.45.rep",FFS-DBS,0,贫农,T,地主
20250527,20250527_9,"221747,斗地主Doudizhu 4.45.rep",wuenbin1980,0,贫农,P,地主
20250527,20250527_9,"221747,斗地主Doudizhu 4.45.rep",DDR[Pro],0,贫农,T,地主
20250527,20250527_9,"221747,斗地主Doudizhu 4.45.rep",FFS-no.1,0,贫农,Z,地主
20250527,20250527_10,"222602,斗地主Doudizhu 8R-0.1.rep",nianqing,0,地主,Z,农民
20250527,20250527_10,"222602,斗地主Doudizhu 8R-0.1.rep",LawyerChen,0,地主,T,农民
20250527,20250527_10,"222602,斗地主Doudizhu 8R-0.1.rep",Luckyy2023,0,地主,T,农民
20250527,20250527_10,"222602,斗地主Doudizhu 8R-0.1.rep",mosuo,1,富农,P,农民
20250527,20250527_10,"222602,斗地主Doudizhu 8R-0.1.rep",ctrl+Q++Q,1,贫农,T,农民
20250527,20250527_10,"222602,斗地主Doudizhu 8R-0.1.rep",weimin,1,贫农,Z,农民
20250527,20250527_10,"222602,斗地主Doudizhu 8R-0.1.rep",Flashback..,1,贫农,P,农民
20250527,20250527_10,"222602,斗地主Doudizhu 8R-0.1.rep",jindou,1,贫农,P,农民
20250527,20250527_11,"223324,斗地主Doudizhu 4.45.rep",FFS-fly,1,地主,P,地主
20250527,20250527_11,"223324,斗地主Doudizhu 4.45.rep",VGer_Whc,1,地主,P,地主
20250527,20250527_11,"223324,斗地主Doudizhu 4.45.rep",lansoov,1,地主,T,地主
20250527,20250527_11,"223324,斗地主Doudizhu 4.45.rep",FoR_TVSPZ,0,富农,P,地主
20250527,20250527_11,"223324,斗地主Doudizhu 4.45.rep",FFS-no.1,0,贫农,T,地主
20250527,20250527_11,"223324,斗地主Doudizhu 4.45.rep",NiceBird,0,贫农,T,地主
20250527,20250527_11,"223324,斗地主Doudizhu 4.45.rep",DDR[Pro],0,贫农,P,地主
20250527,20250527_11,"223324,斗地主Doudizhu 4.45.rep",Xihahou,0,贫农,P,地主
20250527,20250527_12,"230458,斗地主Doudizhu 8R-0.1.rep",jindou,1,地主,T,地主
20250527,20250527_12,"230458,斗地主Doudizhu 8R-0.1.rep",mosuo,1,地主,P,地主
20250527,20250527_12,"230458,斗地主Doudizhu 8R-0.1.rep",Luckyy2023,1,地主,P,地主
20250527,20250527_12,"230458,斗地主Doudizhu 8R-0.1.rep",Flashback..,0,富农,P,地主
20250527,20250527_12,"230458,斗地主Doudizhu 8R-0.1.rep",ctrl+Q++Q,0,贫农,Z,地主
20250527,20250527_12,"230458,斗地主Doudizhu 8R-0.1.rep",FFS-9527,0,贫农,P,地主
20250527,20250527_12,"230458,斗地主Doudizhu 8R-0.1.rep",nianqing,0,贫农,P,地主
20250527,20250527_12,"230458,斗地主Doudizhu 8R-0.1.rep",weimin,0,贫农,Z,地主
20250527,20250527_13,"225145,斗地主Doudizhu 4.45.rep",SC==G0D~,0,地主,Z,农民
20250527,20250527_13,"225145,斗地主Doudizhu 4.45.rep",lansoov,0,地主,P,农民
20250527,20250527_13,"225145,斗地主Doudizhu 4.45.rep",VGer_Whc,0,地主,P,农民
20250527,20250527_13,"225145,斗地主Doudizhu 4.45.rep",FoR_TVSPZ,1,富农,P,农民
20250527,20250527_13,"225145,斗地主Doudizhu 4.45.rep",FFS-fly,1,贫农,P,农民
20250527,20250527_13,"225145,斗地主Doudizhu 4.45.rep",FFS-DBS,1,贫农,T,农民
20250527,20250527_13,"225145,斗地主Doudizhu 4.45.rep",DDR[Pro],1,贫农,P,农民
20250527,20250527_13,"225145,斗地主Doudizhu 4.45.rep",blackdos,1,贫农,T,农民
20250527,20250527_14,"230425,斗地主Doudizhu 4.45.rep",lansoov,0,地主,P,农民
20250527,20250527_14,"230425,斗地主Doudizhu 4.45.rep",FFS-fly,0,地主,P,农民
20250527,20250527_14,"230425,斗地主Doudizhu 4.45.rep",SC==G0D~,0,地主,Z,农民
20250527,20250527_14,"230425,斗地主Doudizhu 4.45.rep",FoR_TVSPZ,1,富农,P,农民
20250527,20250527_14,"230425,斗地主Doudizhu 4.45.rep",Harry007,1,贫农,T,农民
20250527,20250527_14,"230425,斗地主Doudizhu 4.45.rep",FFS-DBS,1,贫农,T,农民
20250527,20250527_14,"230425,斗地主Doudizhu 4.45.rep",DDR[Pro],1,贫农,P,农民
20250527,20250527_14,"230425,斗地主Doudizhu 4.45.rep",VGer_Whc,1,贫农,P,农民
20250527,20250527_15,"233831,斗地主Doudizhu 4.45.rep",VGer_Whc,0,地主,P,农民
20250527,20250527_15,"233831,斗地主Doudizhu 4.45.rep",lansoov,0,地主,T,农民
20250527,20250527_15,"233831,斗地主Doudizhu 4.45.rep",FFS-fly,0,地主,P,农民
20250527,20250527_15,"233831,斗地主Doudizhu 4.45.rep",FoR_TVSPZ,1,富农,P,农民
20250527,20250527_15,"233831,斗地主Doudizhu 4.45.rep",Flashback..,1,贫农,P,农民
20250527,20250527_15,"233831,斗地主Doudizhu 4.45.rep",blackdos,1,贫农,T,农民
20250527,20250527_15,"233831,斗地主Doudizhu 4.45.rep",DDR[Pro],1,贫农,P,农民
20250527,20250527_15,"233831,斗地主Doudizhu 4.45.rep",jindou,1,贫农,T,农民
20250527,20250527_16,"235304,斗地主Doudizhu 4.45.rep",Luckyy2023,1,地主,P,地主
20250527,20250527_16,"235304,斗地主Doudizhu 4.45.rep",mosuo,1,地主,P,地主
20250527,20250527_16,"235304,斗地主Doudizhu 4.45.rep",lxllll,1,地主,Z,地主
20250527,20250527_16,"235304,斗地主Doudizhu 4.45.rep",Kiss-.-,0,富农,P,地主
20250527,20250527_16,"235304,斗地主Doudizhu 4.45.rep",ctrl+Q++Q,0,贫农,T,地主
20250527,20250527_16,"235304,斗地主Doudizhu 4.45.rep",ao'tu'man,0,贫农,P,地主
20250527,20250527_16,"235304,斗地主Doudizhu 4.45.rep",FFS-9527,0,贫农,P,地主
20250527,20250527_16,"235304,斗地主Doudizhu 4.45.rep",LawyerChen,0,贫农,P,地主
20250529,20250529_1,"195305,斗地主Doudizhu 4.46.rep",BangZiJi999,1,地主,P,地主
20250529,20250529_1,"195305,斗地主Doudizhu 4.46.rep",lansoov,1,地主,Z,地主
20250529,20250529_1,"195305,斗地主Doudizhu 4.46.rep",do''do,1,地主,P,地主
20250529,20250529_1,"195305,斗地主Doudizhu 4.46.rep",Dny1987,0,富农,Z,地主
20250529,20250529_1,"195305,斗地主Doudizhu 4.46.rep",FFS-zhang1130,0,贫农,T,地主
20250529,20250529_1,"195305,斗地主Doudizhu 4.46.rep",44ikljli,0,贫农,T,地主
20250529,20250529_1,"195305,斗地主Doudizhu 4.46.rep",FF-GBLW,0,贫农,P,地主
20250529,20250529_1,"195305,斗地主Doudizhu 4.46.rep",nianqing,0,贫农,P,地主
20250529,20250529_2,"201630,斗地主Doudizhu 4.46.rep",nianqing,0,地主,P,农民
20250529,20250529_2,"201630,斗地主Doudizhu 4.46.rep",BangZiJi999,0,地主,P,农民
20250529,20250529_2,"201630,斗地主Doudizhu 4.46.rep",GGrush_Doudizhu,0,地主,Z,农民
20250529,20250529_2,"201630,斗地主Doudizhu 4.46.rep",TianW,1,富农,P,农民
20250529,20250529_2,"201630,斗地主Doudizhu 4.46.rep",FF-GBLW,1,贫农,T,农民
20250529,20250529_2,"201630,斗地主Doudizhu 4.46.rep",DDR[Pro],1,贫农,T,农民
20250529,20250529_2,"201630,斗地主Doudizhu 4.46.rep",VGer_Whc,1,贫农,Z,农民
20250529,20250529_2,"201630,斗地主Doudizhu 4.46.rep",FFS-Open-1,1,贫农,P,农民
20250529,20250529_3,"203407,斗地主Doudizhu 4.45.rep",mosuo,1,地主,P,地主
20250529,20250529_3,"203407,斗地主Doudizhu 4.45.rep",do''do,1,地主,P,地主
20250529,20250529_3,"203407,斗地主Doudizhu 4.45.rep",9527mog,1,地主,P,地主
20250529,20250529_3,"203407,斗地主Doudizhu 4.45.rep",lansoov,0,富农,T,地主
20250529,20250529_3,"203407,斗地主Doudizhu 4.45.rep",wudidaJB,0,贫农,T,地主
20250529,20250529_3,"203407,斗地主Doudizhu 4.45.rep",digua,0,贫农,P,地主
20250529,20250529_3,"203407,斗地主Doudizhu 4.45.rep",ao'tu'man,0,贫农,Z,地主
20250529,20250529_3,"203407,斗地主Doudizhu 4.45.rep",Xihahou,0,贫农,T,地主
20250529,20250529_4,"202603,斗地主Doudizhu 4.46.rep",TianW,0,地主,P,农民
20250529,20250529_4,"202603,斗地主Doudizhu 4.46.rep",nianqing,0,地主,P,农民
20250529,20250529_4,"202603,斗地主Doudizhu 4.46.rep",VGer_Whc,0,地主,P,农民
20250529,20250529_4,"202603,斗地主Doudizhu 4.46.rep",GGrush_Doudizhu,1,富农,P,农民
20250529,20250529_4,"202603,斗地主Doudizhu 4.46.rep",FF-GBLW,1,贫农,T,农民
20250529,20250529_4,"202603,斗地主Doudizhu 4.46.rep",DDR[Pro],1,贫农,T,农民
20250529,20250529_4,"202603,斗地主Doudizhu 4.46.rep",BangZiJi999,1,贫农,Z,农民
20250529,20250529_4,"202603,斗地主Doudizhu 4.46.rep",FFS-Open-1,1,贫农,P,农民
20250529,20250529_5,"204942,斗地主Doudizhu 4.46.rep",BangZiJi999,1,地主,P,地主
20250529,20250529_5,"204942,斗地主Doudizhu 4.46.rep",GGrush_Doudizhu,1,地主,T,地主
20250529,20250529_5,"204942,斗地主Doudizhu 4.46.rep",VGer_Whc,1,地主,P,地主
20250529,20250529_5,"204942,斗地主Doudizhu 4.46.rep",TianW,0,富农,P,地主
20250529,20250529_5,"204942,斗地主Doudizhu 4.46.rep",DDR[Pro],0,贫农,P,地主
20250529,20250529_5,"204942,斗地主Doudizhu 4.46.rep",GOODTIME-NB,0,贫农,Z,地主
20250529,20250529_5,"204942,斗地主Doudizhu 4.46.rep",nianqing,0,贫农,T,地主
20250529,20250529_5,"204942,斗地主Doudizhu 4.46.rep",Super_545,0,贫农,P,地主
20250529,20250529_6,"204451,斗地主Doudizhu 4.46.rep",do''do,0,地主,P,农民
20250529,20250529_6,"204451,斗地主Doudizhu 4.46.rep",FoR_TVSPZ,0,地主,P,农民
20250529,20250529_6,"204451,斗地主Doudizhu 4.46.rep",mosuo,0,地主,Z,农民
20250529,20250529_6,"204451,斗地主Doudizhu 4.46.rep",9527mog,1,富农,P,农民
20250529,20250529_6,"204451,斗地主Doudizhu 4.46.rep",ao'tu'man,1,贫农,P,农民
20250529,20250529_6,"204451,斗地主Doudizhu 4.46.rep",ming020626,1,贫农,P,农民
20250529,20250529_6,"204451,斗地主Doudizhu 4.46.rep",lansoov,1,贫农,Z,农民
20250529,20250529_6,"204451,斗地主Doudizhu 4.46.rep",FFS-DBS,1,贫农,T,农民
20250529,20250529_7,"210549,斗地主Doudizhu 4.46.rep",feifeiht,1,地主,P,地主
20250529,20250529_7,"210549,斗地主Doudizhu 4.46.rep",mosuo,1,地主,Z,地主
20250529,20250529_7,"210549,斗地主Doudizhu 4.46.rep",FoR_TVSPZ,1,地主,P,地主
20250529,20250529_7,"210549,斗地主Doudizhu 4.46.rep",9527mog,0,富农,P,地主
20250529,20250529_7,"210549,斗地主Doudizhu 4.46.rep",lansoov,0,贫农,Z,地主
20250529,20250529_7,"210549,斗地主Doudizhu 4.46.rep",ao'tu'man,0,贫农,T,地主
20250529,20250529_7,"210549,斗地主Doudizhu 4.46.rep",FFS-DBS,0,贫农,T,地主
20250529,20250529_7,"210549,斗地主Doudizhu 4.46.rep",ming020626,0,贫农,P,地主
20250529,20250529_8,"205848,斗地主Doudizhu 4.46.rep",Super_545,0,地主,P,农民
20250529,20250529_8,"205848,斗地主Doudizhu 4.46.rep",Harry007,0,地主,Z,农民
20250529,20250529_8,"205848,斗地主Doudizhu 4.46.rep",BangZiJi999,0,地主,P,农民
20250529,20250529_8,"205848,斗地主Doudizhu 4.46.rep",GGrush_Doudizhu,1,富农,P,农民
20250529,20250529_8,"205848,斗地主Doudizhu 4.46.rep",TianW,1,贫农,T,农民
20250529,20250529_8,"205848,斗地主Doudizhu 4.46.rep",DDR[Pro],1,贫农,T,农民
20250529,20250529_8,"205848,斗地主Doudizhu 4.46.rep",VGer_Whc,1,贫农,Z,农民
20250529,20250529_8,"205848,斗地主Doudizhu 4.46.rep",nianqing,1,贫农,T,农民
20250529,20250529_9,"210521,斗地主Doudizhu 4.46.rep",VGer_Whc,1,地主,P,地主
20250529,20250529_9,"210521,斗地主Doudizhu 4.46.rep",Super_545,1,地主,P,地主
20250529,20250529_9,"210521,斗地主Doudizhu 4.46.rep",GGrush_Doudizhu,1,地主,T,地主
20250529,20250529_9,"210521,斗地主Doudizhu 4.46.rep",BangZiJi999,0,富农,P,地主
20250529,20250529_9,"210521,斗地主Doudizhu 4.46.rep",FF-GBLW,0,贫农,T,地主
20250529,20250529_9,"210521,斗地主Doudizhu 4.46.rep",Harry007,0,贫农,Z,地主
20250529,20250529_9,"210521,斗地主Doudizhu 4.46.rep",TianW,0,贫农,T,地主
20250529,20250529_9,"210521,斗地主Doudizhu 4.46.rep",DDR[Pro],0,贫农,T,地主
20250529,20250529_10,"212237,斗地主Doudizhu 4.46.rep",GGrush_Doudizhu,1,地主,P,地主
20250529,20250529_10,"212237,斗地主Doudizhu 4.46.rep",BangZiJi999,1,地主,P,地主
20250529,20250529_10,"212237,斗地主Doudizhu 4.46.rep",lansoov,1,地主,P,地主
20250529,20250529_10,"212237,斗地主Doudizhu 4.46.rep",nianqing,0,富农,P,地主
20250529,20250529_10,"212237,斗地主Doudizhu 4.46.rep",ming020626,0,贫农,P,地主
20250529,20250529_10,"212237,斗地主Doudizhu 4.46.rep",FF-GBLW,0,贫农,Z,地主
20250529,20250529_10,"212237,斗地主Doudizhu 4.46.rep",do''do,0,贫农,T,地主
20250529,20250529_10,"212237,斗地主Doudizhu 4.46.rep",TianW,0,贫农,T,地主
20250529,20250529_11,"213706,斗地主Doudizhu 4.46.rep",GGrush_Doudizhu,1,地主,T,地主
20250529,20250529_11,"213706,斗地主Doudizhu 4.46.rep",VGer_Whc,1,地主,P,地主
20250529,20250529_11,"213706,斗地主Doudizhu 4.46.rep",BangZiJi999,1,地主,P,地主
20250529,20250529_11,"213706,斗地主Doudizhu 4.46.rep",lansoov,0,富农,P,地主
20250529,20250529_11,"213706,斗地主Doudizhu 4.46.rep",FFS-DBS,0,贫农,T,地主
20250529,20250529_11,"213706,斗地主Doudizhu 4.46.rep",TianW,0,贫农,P,地主
20250529,20250529_11,"213706,斗地主Doudizhu 4.46.rep",nianqing,0,贫农,T,地主
20250529,20250529_11,"213706,斗地主Doudizhu 4.46.rep",do''do,0,贫农,P,地主
20250529,20250529_12,"220657,斗地主Doudizhu 4.46.rep",TianW,1,地主,P,地主
20250529,20250529_12,"220657,斗地主Doudizhu 4.46.rep",GGrush_Doudizhu,1,地主,Z,地主
20250529,20250529_12,"220657,斗地主Doudizhu 4.46.rep",VGer_Whc,1,地主,P,地主
20250529,20250529_12,"220657,斗地主Doudizhu 4.46.rep",lansoov,0,富农,P,地主
20250529,20250529_12,"220657,斗地主Doudizhu 4.46.rep",mehdiren,0,贫农,T,地主
20250529,20250529_12,"220657,斗地主Doudizhu 4.46.rep",nianqing,0,贫农,P,地主
20250529,20250529_12,"220657,斗地主Doudizhu 4.46.rep",FF-GBLW,0,贫农,T,地主
20250529,20250529_12,"220657,斗地主Doudizhu 4.46.rep",do''do,0,贫农,Z,地主
20250529,20250529_13,"222057,斗地主Doudizhu 4.46.rep",mosuo,0,地主,Z,农民
20250529,20250529_13,"222057,斗地主Doudizhu 4.46.rep",lxllll,0,地主,Z,农民
20250529,20250529_13,"222057,斗地主Doudizhu 4.46.rep",ctrl+Q++Q,0,地主,T,农民
20250529,20250529_13,"222057,斗地主Doudizhu 4.46.rep",FoR_TVSPZ,1,富农,P,农民
20250529,20250529_13,"222057,斗地主Doudizhu 4.46.rep",ao'tu'man,1,贫农,P,农民
20250529,20250529_13,"222057,斗地主Doudizhu 4.46.rep",FFS-DBS,1,贫农,T,农民
20250529,20250529_13,"222057,斗地主Doudizhu 4.46.rep",IKILllIII,1,贫农,P,农民
20250529,20250529_13,"222057,斗地主Doudizhu 4.46.rep",9527mog,1,贫农,T,农民
20250529,20250529_14,"224126,斗地主Doudizhu 4.46.rep",IKILllIII,1,地主,P,地主
20250529,20250529_14,"224126,斗地主Doudizhu 4.46.rep",ctrl+Q++Q,1,地主,T,地主
20250529,20250529_14,"224126,斗地主Doudizhu 4.46.rep",VGer_Whc,1,地主,P,地主
20250529,20250529_14,"224126,斗地主Doudizhu 4.46.rep",nianqing,0,富农,P,地主
20250529,20250529_14,"224126,斗地主Doudizhu 4.46.rep",mehdiren,0,贫农,Z,地主
20250529,20250529_14,"224126,斗地主Doudizhu 4.46.rep",FFS-9527,0,贫农,T,地主
20250529,20250529_14,"224126,斗地主Doudizhu 4.46.rep",ao'tu'man,0,贫农,P,地主
20250529,20250529_14,"224126,斗地主Doudizhu 4.46.rep",haskar,0,贫农,T,地主
20250529,20250529_15,"230050,斗地主Doudizhu 4.46.rep",VGer_Whc,1,地主,P,地主
20250529,20250529_15,"230050,斗地主Doudizhu 4.46.rep",ctrl+Q++Q,1,地主,T,地主
20250529,20250529_15,"230050,斗地主Doudizhu 4.46.rep",IKILllIII,1,地主,Z,地主
20250529,20250529_15,"230050,斗地主Doudizhu 4.46.rep",Koxulka123,0,富农,P,地主
20250529,20250529_15,"230050,斗地主Doudizhu 4.46.rep",FFS-9527,0,贫农,T,地主
20250529,20250529_15,"230050,斗地主Doudizhu 4.46.rep",ao'tu'man,0,贫农,Z,地主
20250529,20250529_15,"230050,斗地主Doudizhu 4.46.rep",mehdiren,0,贫农,Z,地主
20250529,20250529_15,"230050,斗地主Doudizhu 4.46.rep",haskar,0,贫农,T,地主
20250529,20250529_16,"232751,斗地主Doudizhu 4.46.rep",Koxulka123,1,地主,Z,地主
20250529,20250529_16,"232751,斗地主Doudizhu 4.46.rep",IKILllIII,1,地主,P,地主
20250529,20250529_16,"232751,斗地主Doudizhu 4.46.rep",VGer_Whc,1,地主,P,地主
20250529,20250529_16,"232751,斗地主Doudizhu 4.46.rep",mehdiren,0,富农,P,地主
20250529,20250529_16,"232751,斗地主Doudizhu 4.46.rep",ctrl+Q++Q,0,贫农,P,地主
20250529,20250529_16,"232751,斗地主Doudizhu 4.46.rep",9527mog,0,贫农,Z,地主
20250529,20250529_16,"232751,斗地主Doudizhu 4.46.rep",FFS-9527,0,贫农,P,地主
20250529,20250529_16,"232751,斗地主Doudizhu 4.46.rep",haskar,0,贫农,T,地主
20250531,20250531_1,"203118,斗地主Doudizhu 4.47.rep",tuyukoreasex,1,地主,Z,地主
20250531,20250531_1,"203118,斗地主Doudizhu 4.47.rep",FoR_TVSPZ,1,地主,P,地主
20250531,20250531_1,"203118,斗地主Doudizhu 4.47.rep",FFS-fly,1,地主,P,地主
20250531,20250531_1,"203118,斗地主Doudizhu 4.47.rep",TianW,0,富农,P,地主
20250531,20250531_1,"203118,斗地主Doudizhu 4.47.rep",digua,0,贫农,P,地主
20250531,20250531_1,"203118,斗地主Doudizhu 4.47.rep",VGer_Whc,0,贫农,Z,地主
20250531,20250531_1,"203118,斗地主Doudizhu 4.47.rep",9527mog,0,贫农,T,地主
20250531,20250531_1,"203118,斗地主Doudizhu 4.47.rep",FFS-Open-1,0,贫农,P,地主
20250531,20250531_2,"204523,斗地主Doudizhu 4.47.rep",FFS-fly,0,地主,P,农民
20250531,20250531_2,"204523,斗地主Doudizhu 4.47.rep",9527mog,0,地主,P,农民
20250531,20250531_2,"204523,斗地主Doudizhu 4.47.rep",VGer_Whc,0,地主,Z,农民
20250531,20250531_2,"204523,斗地主Doudizhu 4.47.rep",Luckyy2023,1,富农,P,农民
20250531,20250531_2,"204523,斗地主Doudizhu 4.47.rep",ming020626,1,贫农,T,农民
20250531,20250531_2,"204523,斗地主Doudizhu 4.47.rep",TianW,1,贫农,T,农民
20250531,20250531_2,"204523,斗地主Doudizhu 4.47.rep",digua,1,贫农,P,农民
20250531,20250531_2,"204523,斗地主Doudizhu 4.47.rep",nianqing,1,贫农,P,农民
20250531,20250531_3,"210218,斗地主Doudizhu 4.47.rep",FFS-fly,0,地主,P,农民
20250531,20250531_3,"210218,斗地主Doudizhu 4.47.rep",tuyukoreasex,0,地主,P,农民
20250531,20250531_3,"210218,斗地主Doudizhu 4.47.rep",Luckyy2023,0,地主,T,农民
20250531,20250531_3,"210218,斗地主Doudizhu 4.47.rep",VGer_Whc,1,富农,P,农民
20250531,20250531_3,"210218,斗地主Doudizhu 4.47.rep",nianqing,1,贫农,Z,农民
20250531,20250531_3,"210218,斗地主Doudizhu 4.47.rep",feifeiht,1,贫农,Z,农民
20250531,20250531_3,"210218,斗地主Doudizhu 4.47.rep",TianW,1,贫农,T,农民
20250531,20250531_3,"210218,斗地主Doudizhu 4.47.rep",FF-GBLW,1,贫农,T,农民
20250531,20250531_4,"213648,斗地主Doudizhu 4.47.rep",lxllll,1,地主,Z,地主
20250531,20250531_4,"213648,斗地主Doudizhu 4.47.rep",FFS-fly,1,地主,P,地主
20250531,20250531_4,"213648,斗地主Doudizhu 4.47.rep",9527mog,1,地主,P,地主
20250531,20250531_4,"213648,斗地主Doudizhu 4.47.rep",VGer_Whc,0,富农,P,地主
20250531,20250531_4,"213648,斗地主Doudizhu 4.47.rep",feifeiht,0,贫农,P,地主
20250531,20250531_4,"213648,斗地主Doudizhu 4.47.rep",FF-GBLW,0,贫农,T,地主
20250531,20250531_4,"213648,斗地主Doudizhu 4.47.rep",FFS-DBS,0,贫农,T,地主
20250531,20250531_4,"213648,斗地主Doudizhu 4.47.rep",Luckyy2023,0,贫农,P,地主
20250531,20250531_5,"221549,斗地主Doudizhu 4.47.rep",BangZiJi999,1,地主,P,地主
20250531,20250531_5,"221549,斗地主Doudizhu 4.47.rep",FoR_TVSPZ,1,地主,P,地主
20250531,20250531_5,"221549,斗地主Doudizhu 4.47.rep",VGer_Whc,1,地主,P,地主
20250531,20250531_5,"221549,斗地主Doudizhu 4.47.rep",feifeiht,0,富农,Z,地主
20250531,20250531_5,"221549,斗地主Doudizhu 4.47.rep",FFS-DBS,0,贫农,T,地主
20250531,20250531_5,"221549,斗地主Doudizhu 4.47.rep",NiceBird,0,贫农,Z,地主
20250531,20250531_5,"221549,斗地主Doudizhu 4.47.rep",FF-GBLW,0,贫农,T,地主
20250531,20250531_5,"221549,斗地主Doudizhu 4.47.rep",ming020626,0,贫农,T,地主
20250531,20250531_6,"222857,斗地主Doudizhu 4.47.rep",feifeiht,0,地主,Z,农民
20250531,20250531_6,"222857,斗地主Doudizhu 4.47.rep",FFS-fly,0,地主,P,农民
20250531,20250531_6,"222857,斗地主Doudizhu 4.47.rep",NiceBird,0,地主,T,农民
20250531,20250531_6,"222857,斗地主Doudizhu 4.47.rep",VGer_Whc,1,富农,P,农民
20250531,20250531_6,"222857,斗地主Doudizhu 4.47.rep",nianqing,1,贫农,P,农民
20250531,20250531_6,"222857,斗地主Doudizhu 4.47.rep",lxllll,1,贫农,P,农民
20250531,20250531_6,"222857,斗地主Doudizhu 4.47.rep",Luckyy2023,1,贫农,P,农民
20250531,20250531_6,"222857,斗地主Doudizhu 4.47.rep",44ikljli,1,贫农,T,农民
20250531,20250531_7,"225145,斗地主Doudizhu 4.47.rep",NiceBird,0,地主,Z,农民
20250531,20250531_7,"225145,斗地主Doudizhu 4.47.rep",IKILllIII,0,地主,P,农民
20250531,20250531_7,"225145,斗地主Doudizhu 4.47.rep",nianqing,0,地主,P,农民
20250531,20250531_7,"225145,斗地主Doudizhu 4.47.rep",VGer_Whc,1,富农,P,农民
20250531,20250531_7,"225145,斗地主Doudizhu 4.47.rep",FFS-DBS,1,贫农,T,农民
20250531,20250531_7,"225145,斗地主Doudizhu 4.47.rep",Luckyy2023,1,贫农,T,农民
20250531,20250531_7,"225145,斗地主Doudizhu 4.47.rep",FFS-Open-1,1,贫农,P,农民
20250531,20250531_7,"225145,斗地主Doudizhu 4.47.rep",FFS-fly,1,贫农,P,农民
20250531,20250531_8,"231406,斗地主Doudizhu 4.47.rep",lxllll,1,地主,Z,地主
20250531,20250531_8,"231406,斗地主Doudizhu 4.47.rep",IKILllIII,1,地主,P,地主
20250531,20250531_8,"231406,斗地主Doudizhu 4.47.rep",9527mog,1,地主,P,地主
20250531,20250531_8,"231406,斗地主Doudizhu 4.47.rep",VGer_Whc,0,富农,P,地主
20250531,20250531_8,"231406,斗地主Doudizhu 4.47.rep",FFS-fly,0,贫农,P,地主
20250531,20250531_8,"231406,斗地主Doudizhu 4.47.rep",FFS-Open-1,0,贫农,P,地主
20250531,20250531_8,"231406,斗地主Doudizhu 4.47.rep",Luckyy2023,0,贫农,T,地主
20250531,20250531_8,"231406,斗地主Doudizhu 4.47.rep",FFS-DBS,0,贫农,T,地主
20250531,20250531_9,"232155,斗地主Doudizhu 4.47.rep",lxllll,0,地主,Z,农民
20250531,20250531_9,"232155,斗地主Doudizhu 4.47.rep",9527mog,0,地主,P,农民
20250531,20250531_9,"232155,斗地主Doudizhu 4.47.rep",FFS-Open-1,0,地主,P,农民
20250531,20250531_9,"232155,斗地主Doudizhu 4.47.rep",NiceBird,1,富农,Z,农民
20250531,20250531_9,"232155,斗地主Doudizhu 4.47.rep",do''do,1,贫农,Z,农民
20250531,20250531_9,"232155,斗地主Doudizhu 4.47.rep",Luckyy2023,1,贫农,T,农民
20250531,20250531_9,"232155,斗地主Doudizhu 4.47.rep",FFS-fly,1,贫农,P,农民
20250531,20250531_9,"232155,斗地主Doudizhu 4.47.rep",ao'tu'man,1,贫农,T,农民
20250531,20250531_10,"233505,斗地主Doudizhu 4.47.rep",IKILllIII,1,地主,P,地主
20250531,20250531_10,"233505,斗地主Doudizhu 4.47.rep",VGer_Whc,1,地主,P,地主
20250531,20250531_10,"233505,斗地主Doudizhu 4.47.rep",lxllll,1,地主,Z,地主
20250531,20250531_10,"233505,斗地主Doudizhu 4.47.rep",NiceBird,0,富农,Z,地主
20250531,20250531_10,"233505,斗地主Doudizhu 4.47.rep",FFS-Open-1,0,贫农,P,地主
20250531,20250531_10,"233505,斗地主Doudizhu 4.47.rep",blackdos,0,贫农,T,地主
20250531,20250531_10,"233505,斗地主Doudizhu 4.47.rep",FFS-fly,0,贫农,P,地主
20250531,20250531_10,"233505,斗地主Doudizhu 4.47.rep",ao'tu'man,0,贫农,T,地主
20250602,20250602_1,"195717,斗地主Doudizhu 4.47.rep",lansoov,0,地主,T,农民
20250602,20250602_1,"195717,斗地主Doudizhu 4.47.rep",LawyerChen,0,地主,P,农民
20250602,20250602_1,"195717,斗地主Doudizhu 4.47.rep",9527mog,0,地主,P,农民
20250602,20250602_1,"195717,斗地主Doudizhu 4.47.rep",FoR_TVSPZ,1,富农,P,农民
20250602,20250602_1,"195717,斗地主Doudizhu 4.47.rep",Luckyy2023,1,贫农,Z,农民
20250602,20250602_1,"195717,斗地主Doudizhu 4.47.rep",44ikljli,1,贫农,Z,农民
20250602,20250602_1,"195717,斗地主Doudizhu 4.47.rep",mehdiren,1,贫农,P,农民
20250602,20250602_1,"195717,斗地主Doudizhu 4.47.rep",FF-GBLW,1,贫农,T,农民
20250602,20250602_2,"201930,斗地主Doudizhu 4.47.rep",FoR_TVSPZ,0,地主,P,农民
20250602,20250602_2,"201930,斗地主Doudizhu 4.47.rep",VGer_Whc,0,地主,P,农民
20250602,20250602_2,"201930,斗地主Doudizhu 4.47.rep",lansoov,0,地主,T,农民
20250602,20250602_2,"201930,斗地主Doudizhu 4.47.rep",9527mog,1,富农,P,农民
20250602,20250602_2,"201930,斗地主Doudizhu 4.47.rep",FF-GBLW,1,贫农,T,农民
20250602,20250602_2,"201930,斗地主Doudizhu 4.47.rep",44ikljli,1,贫农,T,农民
20250602,20250602_2,"201930,斗地主Doudizhu 4.47.rep",Luckyy2023,1,贫农,P,农民
20250602,20250602_2,"201930,斗地主Doudizhu 4.47.rep",FFS-zhang1130,1,贫农,P,农民
20250602,20250602_3,"204859,斗地主Doudizhu 4.47.rep",Miss,1,地主,P,地主
20250602,20250602_3,"204859,斗地主Doudizhu 4.47.rep",lansoov,1,地主,T,地主
20250602,20250602_3,"204859,斗地主Doudizhu 4.47.rep",VGer_Whc,1,地主,P,地主
20250602,20250602_3,"204859,斗地主Doudizhu 4.47.rep",BangZiJi999,0,富农,P,地主
20250602,20250602_3,"204859,斗地主Doudizhu 4.47.rep",SC==G0D~,0,贫农,Z,地主
20250602,20250602_3,"204859,斗地主Doudizhu 4.47.rep",FFS-DBS,0,贫农,T,地主
20250602,20250602_3,"204859,斗地主Doudizhu 4.47.rep",FoR_TVSPZ,0,贫农,T,地主
20250602,20250602_3,"204859,斗地主Doudizhu 4.47.rep",9527mog,0,贫农,T,地主
20250602,20250602_4,"211217,斗地主Doudizhu 4.47.rep",VGer_Whc,1,地主,P,地主
20250602,20250602_4,"211217,斗地主Doudizhu 4.47.rep",lansoov,1,地主,T,地主
20250602,20250602_4,"211217,斗地主Doudizhu 4.47.rep",9527mog,1,地主,P,地主
20250602,20250602_4,"211217,斗地主Doudizhu 4.47.rep",Miss,0,富农,P,地主
20250602,20250602_4,"211217,斗地主Doudizhu 4.47.rep",Luckyy2023,0,贫农,P,地主
20250602,20250602_4,"211217,斗地主Doudizhu 4.47.rep",ctrl+Q++Q,0,贫农,T,地主
20250602,20250602_4,"211217,斗地主Doudizhu 4.47.rep",FFS-DBS,0,贫农,T,地主
20250602,20250602_4,"211217,斗地主Doudizhu 4.47.rep",SC==G0D~,0,贫农,Z,地主
20250602,20250602_5,"211956,斗地主Doudizhu 4.47.rep",Miss,1,地主,Z,地主
20250602,20250602_5,"211956,斗地主Doudizhu 4.47.rep",VGer_Whc,1,地主,P,地主
20250602,20250602_5,"211956,斗地主Doudizhu 4.47.rep",lansoov,1,地主,T,地主
20250602,20250602_5,"211956,斗地主Doudizhu 4.47.rep",FoR_TVSPZ,0,富农,P,地主
20250602,20250602_5,"211956,斗地主Doudizhu 4.47.rep",9527mog,0,贫农,T,地主
20250602,20250602_5,"211956,斗地主Doudizhu 4.47.rep",SC==G0D~,0,贫农,Z,地主
20250602,20250602_5,"211956,斗地主Doudizhu 4.47.rep",FFS-DBS,0,贫农,T,地主
20250602,20250602_5,"211956,斗地主Doudizhu 4.47.rep",ctrl+Q++Q,0,贫农,T,地主
20250602,20250602_6,"213002,斗地主Doudizhu 4.47.rep",VGer_Whc,0,地主,P,农民
20250602,20250602_6,"213002,斗地主Doudizhu 4.47.rep",lansoov,0,地主,T,农民
20250602,20250602_6,"213002,斗地主Doudizhu 4.47.rep",Miss,0,地主,P,农民
20250602,20250602_6,"213002,斗地主Doudizhu 4.47.rep",nianqing,1,富农,P,农民
20250602,20250602_6,"213002,斗地主Doudizhu 4.47.rep",ctrl+Q++Q,1,贫农,P,农民
20250602,20250602_6,"213002,斗地主Doudizhu 4.47.rep",SC==G0D~,1,贫农,Z,农民
20250602,20250602_6,"213002,斗地主Doudizhu 4.47.rep",9527mog,1,贫农,Z,农民
20250602,20250602_6,"213002,斗地主Doudizhu 4.47.rep",FFS-DBS,1,贫农,P,农民
20250602,20250602_7,"214830,斗地主Doudizhu 4.47.rep",VGer_Whc,1,地主,P,地主
20250602,20250602_7,"214830,斗地主Doudizhu 4.47.rep",9527mog,1,地主,P,地主
20250602,20250602_7,"214830,斗地主Doudizhu 4.47.rep",lansoov,1,地主,T,地主
20250602,20250602_7,"214830,斗地主Doudizhu 4.47.rep",Miss,0,富农,Z,地主
20250602,20250602_7,"214830,斗地主Doudizhu 4.47.rep",FFS-DBS,0,贫农,T,地主
20250602,20250602_7,"214830,斗地主Doudizhu 4.47.rep",nianqing,0,贫农,T,地主
20250602,20250602_7,"214830,斗地主Doudizhu 4.47.rep",FFS-9527,0,贫农,T,地主
20250602,20250602_7,"214830,斗地主Doudizhu 4.47.rep",ctrl+Q++Q,0,贫农,Z,地主
20250602,20250602_8,"215713,斗地主Doudizhu 4.47.rep",VGer_Whc,0,地主,P,农民
20250602,20250602_8,"215713,斗地主Doudizhu 4.47.rep",lxllll,0,地主,Z,农民
20250602,20250602_8,"215713,斗地主Doudizhu 4.47.rep",lansoov,0,地主,T,农民
20250602,20250602_8,"215713,斗地主Doudizhu 4.47.rep",Miss,1,富农,P,农民
20250602,20250602_8,"215713,斗地主Doudizhu 4.47.rep",Luckyy2023,1,贫农,P,农民
20250602,20250602_8,"215713,斗地主Doudizhu 4.47.rep",SC==G0D~,1,贫农,Z,农民
20250602,20250602_8,"215713,斗地主Doudizhu 4.47.rep",nianqing,1,贫农,T,农民
20250602,20250602_8,"215713,斗地主Doudizhu 4.47.rep",FFS-9527,1,贫农,Z,农民
20250602,20250602_9,"221325,斗地主Doudizhu 4.47.rep",lansoov,1,地主,P,地主
20250602,20250602_9,"221325,斗地主Doudizhu 4.47.rep",lxllll,1,地主,Z,地主
20250602,20250602_9,"221325,斗地主Doudizhu 4.47.rep",VGer_Whc,1,地主,P,地主
20250602,20250602_9,"221325,斗地主Doudizhu 4.47.rep",9527mog,0,富农,P,地主
20250602,20250602_9,"221325,斗地主Doudizhu 4.47.rep",FFS-DBS,0,贫农,T,地主
20250602,20250602_9,"221325,斗地主Doudizhu 4.47.rep",Miss,0,贫农,P,地主
20250602,20250602_9,"221325,斗地主Doudizhu 4.47.rep",nianqing,0,贫农,Z,地主
20250602,20250602_9,"221325,斗地主Doudizhu 4.47.rep",FFS-9527,0,贫农,T,地主
20250602,20250602_10,"222046,斗地主Doudizhu 4.47.rep",Miss,0,地主,Z,农民
20250602,20250602_10,"222046,斗地主Doudizhu 4.47.rep",LawyerChen,0,地主,P,农民
20250602,20250602_10,"222046,斗地主Doudizhu 4.47.rep",9527mog,0,地主,P,农民
20250602,20250602_10,"222046,斗地主Doudizhu 4.47.rep",VGer_Whc,1,富农,P,农民
20250602,20250602_10,"222046,斗地主Doudizhu 4.47.rep",SC==G0D~,1,贫农,Z,农民
20250602,20250602_10,"222046,斗地主Doudizhu 4.47.rep",lansoov,1,贫农,Z,农民
20250602,20250602_10,"222046,斗地主Doudizhu 4.47.rep",44ikljli,1,贫农,P,农民
20250602,20250602_10,"222046,斗地主Doudizhu 4.47.rep",nianqing,1,贫农,T,农民
20250602,20250602_11,"223539,斗地主Doudizhu 4.47.rep",Luckyy2023,0,地主,P,农民
20250602,20250602_11,"223539,斗地主Doudizhu 4.47.rep",lxllll,0,地主,Z,农民
20250602,20250602_11,"223539,斗地主Doudizhu 4.47.rep",Miss,0,地主,T,农民
20250602,20250602_11,"223539,斗地主Doudizhu 4.47.rep",44ikljli,1,富农,P,农民
20250602,20250602_11,"223539,斗地主Doudizhu 4.47.rep",SC==G0D~,1,贫农,Z,农民
20250602,20250602_11,"223539,斗地主Doudizhu 4.47.rep",lansoov,1,贫农,Z,农民
20250602,20250602_11,"223539,斗地主Doudizhu 4.47.rep",VGer_Whc,1,贫农,T,农民
20250602,20250602_11,"223539,斗地主Doudizhu 4.47.rep",9527mog,1,贫农,P,农民
20250602,20250602_12,"224741,斗地主Doudizhu 4.47.rep",VGer_Whc,0,地主,P,农民
20250602,20250602_12,"224741,斗地主Doudizhu 4.47.rep",lxllll,0,地主,Z,农民
20250602,20250602_12,"224741,斗地主Doudizhu 4.47.rep",Luckyy2023,0,地主,P,农民
20250602,20250602_12,"224741,斗地主Doudizhu 4.47.rep",nianqing,1,富农,P,农民
20250602,20250602_12,"224741,斗地主Doudizhu 4.47.rep",SC==G0D~,1,贫农,Z,农民
20250602,20250602_12,"224741,斗地主Doudizhu 4.47.rep",FFS-DBS,1,贫农,T,农民
20250602,20250602_12,"224741,斗地主Doudizhu 4.47.rep",9527mog,1,贫农,P,农民
20250602,20250602_12,"224741,斗地主Doudizhu 4.47.rep",lansoov,1,贫农,Z,农民
20250602,20250602_13,"230310,斗地主Doudizhu 4.47.rep",lxllll,1,地主,Z,地主
20250602,20250602_13,"230310,斗地主Doudizhu 4.47.rep",CLOSE777,1,地主,P,地主
20250602,20250602_13,"230310,斗地主Doudizhu 4.47.rep",haskar,1,地主,P,地主
20250602,20250602_13,"230310,斗地主Doudizhu 4.47.rep",NiceBird,0,富农,P,地主
20250602,20250602_13,"230310,斗地主Doudizhu 4.47.rep",lansoov,0,贫农,P,地主
20250602,20250602_13,"230310,斗地主Doudizhu 4.47.rep",9527mog,0,贫农,T,地主
20250602,20250602_13,"230310,斗地主Doudizhu 4.47.rep",VGer_Whc,0,贫农,Z,地主
20250602,20250602_13,"230310,斗地主Doudizhu 4.47.rep",SC==G0D~,0,贫农,Z,地主
20250602,20250602_14,"231551,斗地主Doudizhu 4.47.rep",VGer_Whc,1,地主,P,地主
20250602,20250602_14,"231551,斗地主Doudizhu 4.47.rep",lansoov,1,地主,T,地主
20250602,20250602_14,"231551,斗地主Doudizhu 4.47.rep",Luckyy2023,1,地主,P,地主
20250602,20250602_14,"231551,斗地主Doudizhu 4.47.rep",NiceBird,0,富农,Z,地主
20250602,20250602_14,"231551,斗地主Doudizhu 4.47.rep",CLOSE777,0,贫农,P,地主
20250602,20250602_14,"231551,斗地主Doudizhu 4.47.rep",FFS-DBS,0,贫农,T,地主
20250602,20250602_14,"231551,斗地主Doudizhu 4.47.rep",FFS-KaKaRu,0,贫农,Z,地主
20250602,20250602_14,"231551,斗地主Doudizhu 4.47.rep",FFS_Stefsunli,0,贫农,Z,地主
20250602,20250602_15,"233350,斗地主Doudizhu 4.47.rep",CLOSE777,0,地主,Z,农民
20250602,20250602_15,"233350,斗地主Doudizhu 4.47.rep",lansoov,0,地主,T,农民
20250602,20250602_15,"233350,斗地主Doudizhu 4.47.rep",VGer_Whc,0,地主,P,农民
20250602,20250602_15,"233350,斗地主Doudizhu 4.47.rep",Luckyy2023,1,富农,P,农民
20250602,20250602_15,"233350,斗地主Doudizhu 4.47.rep",FFS_Stefsunli,1,贫农,T,农民
20250602,20250602_15,"233350,斗地主Doudizhu 4.47.rep",nianqing,1,贫农,P,农民
20250602,20250602_15,"233350,斗地主Doudizhu 4.47.rep",9527mog,1,贫农,P,农民
20250602,20250602_15,"233350,斗地主Doudizhu 4.47.rep",SC==G0D~,1,贫农,Z,农民
20250602,20250602_16,"234537,斗地主Doudizhu 4.47.rep",lxllll,1,地主,Z,地主
20250602,20250602_16,"234537,斗地主Doudizhu 4.47.rep",CLOSE777,1,地主,P,地主
20250602,20250602_16,"234537,斗地主Doudizhu 4.47.rep",VGer_Whc,1,地主,P,地主
20250602,20250602_16,"234537,斗地主Doudizhu 4.47.rep",nianqing,0,富农,P,地主
20250602,20250602_16,"234537,斗地主Doudizhu 4.47.rep",SC==G0D~,0,贫农,Z,地主
20250602,20250602_16,"234537,斗地主Doudizhu 4.47.rep",lansoov,0,贫农,Z,地主
20250602,20250602_16,"234537,斗地主Doudizhu 4.47.rep",NiceBird,0,贫农,T,地主
20250602,20250602_16,"234537,斗地主Doudizhu 4.47.rep",haskar,0,贫农,T,地主
20250603,20250603_1,"194920,斗地主Doudizhu 4.46.rep",FoR_TVSPZ,1,地主,P,地主
20250603,20250603_1,"194920,斗地主Doudizhu 4.46.rep",lansoov,1,地主,T,地主
20250603,20250603_1,"194920,斗地主Doudizhu 4.46.rep",FFS-Open-1,1,地主,P,地主
20250603,20250603_1,"194920,斗地主Doudizhu 4.46.rep",ctrl+Q++Q,0,富农,P,地主
20250603,20250603_1,"194920,斗地主Doudizhu 4.46.rep",FFS-KaKaRu,0,贫农,T,地主
20250603,20250603_1,"194920,斗地主Doudizhu 4.46.rep",nianqing,0,贫农,Z,地主
20250603,20250603_1,"194920,斗地主Doudizhu 4.46.rep",Luckyy2023,0,贫农,P,地主
20250603,20250603_1,"194920,斗地主Doudizhu 4.46.rep",feifeiht,0,贫农,P,地主
20250603,20250603_2,"195634,斗地主Doudizhu 4.46.rep",ctrl+Q++Q,0,地主,T,农民
20250603,20250603_2,"195634,斗地主Doudizhu 4.46.rep",FFS-fly,0,地主,P,农民
20250603,20250603_2,"195634,斗地主Doudizhu 4.46.rep",nianqing,0,地主,P,农民
20250603,20250603_2,"195634,斗地主Doudizhu 4.46.rep",feifeiht,1,富农,P,农民
20250603,20250603_2,"195634,斗地主Doudizhu 4.46.rep",FFS-KaKaRu,1,贫农,Z,农民
20250603,20250603_2,"195634,斗地主Doudizhu 4.46.rep",mosuo,1,贫农,P,农民
20250603,20250603_2,"195634,斗地主Doudizhu 4.46.rep",do''do,1,贫农,T,农民
20250603,20250603_2,"195634,斗地主Doudizhu 4.46.rep",lansoov,1,贫农,Z,农民
20250603,20250603_3,"200503,斗地主Doudizhu 4.46.rep",FFS-Open-1,1,地主,P,地主
20250603,20250603_3,"200503,斗地主Doudizhu 4.46.rep",feifeiht,1,地主,Z,地主
20250603,20250603_3,"200503,斗地主Doudizhu 4.46.rep",lansoov,1,地主,T,地主
20250603,20250603_3,"200503,斗地主Doudizhu 4.46.rep",nianqing,0,富农,P,地主
20250603,20250603_3,"200503,斗地主Doudizhu 4.46.rep",FFS-fly,0,贫农,P,地主
20250603,20250603_3,"200503,斗地主Doudizhu 4.46.rep",FoR_TVSPZ,0,贫农,T,地主
20250603,20250603_3,"200503,斗地主Doudizhu 4.46.rep",mosuo,0,贫农,P,地主
20250603,20250603_3,"200503,斗地主Doudizhu 4.46.rep",do''do,0,贫农,T,地主
20250603,20250603_4,"202529,斗地主Doudizhu 8R-0.1.rep",FFS-KaKaRu,1,地主,Z,地主
20250603,20250603_4,"202529,斗地主Doudizhu 8R-0.1.rep",mosuo,1,地主,P,地主
20250603,20250603_4,"202529,斗地主Doudizhu 8R-0.1.rep",dkstarch,1,地主,Z,地主
20250603,20250603_4,"202529,斗地主Doudizhu 8R-0.1.rep",ctrl+Q++Q,0,富农,P,地主
20250603,20250603_4,"202529,斗地主Doudizhu 8R-0.1.rep",do''do,0,贫农,T,地主
20250603,20250603_4,"202529,斗地主Doudizhu 8R-0.1.rep",FFS-fly,0,贫农,P,地主
20250603,20250603_4,"202529,斗地主Doudizhu 8R-0.1.rep",nianqing,0,贫农,P,地主
20250603,20250603_4,"202529,斗地主Doudizhu 8R-0.1.rep",FoR_TVSPZ,0,贫农,P,地主
20250603,20250603_5,"203949,斗地主Doudizhu 8R-0.1.rep",FoR_TVSPZ,1,地主,P,地主
20250603,20250603_5,"203949,斗地主Doudizhu 8R-0.1.rep",lansoov,1,地主,Z,地主
20250603,20250603_5,"203949,斗地主Doudizhu 8R-0.1.rep",Luckyy2023,1,地主,P,地主
20250603,20250603_5,"203949,斗地主Doudizhu 8R-0.1.rep",mosuo,0,富农,P,地主
20250603,20250603_5,"203949,斗地主Doudizhu 8R-0.1.rep",Quakextm,0,贫农,P,地主
20250603,20250603_5,"203949,斗地主Doudizhu 8R-0.1.rep",FFS-fly,0,贫农,P,地主
20250603,20250603_5,"203949,斗地主Doudizhu 8R-0.1.rep",nianqing,0,贫农,T,地主
20250603,20250603_5,"203949,斗地主Doudizhu 8R-0.1.rep",do''do,0,贫农,T,地主
20250603,20250603_6,"204959,斗地主Doudizhu 8R-0.1.rep",VGer_Whc,0,地主,P,农民
20250603,20250603_6,"204959,斗地主Doudizhu 8R-0.1.rep",FFS-KaKaRu,0,地主,Z,农民
20250603,20250603_6,"204959,斗地主Doudizhu 8R-0.1.rep",nianqing,0,地主,Z,农民
20250603,20250603_6,"204959,斗地主Doudizhu 8R-0.1.rep",mosuo,1,富农,P,农民
20250603,20250603_6,"204959,斗地主Doudizhu 8R-0.1.rep",FFS-fly,1,贫农,P,农民
20250603,20250603_6,"204959,斗地主Doudizhu 8R-0.1.rep",Luckyy2023,1,贫农,Z,农民
20250603,20250603_6,"204959,斗地主Doudizhu 8R-0.1.rep",do''do,1,贫农,Z,农民
20250603,20250603_6,"204959,斗地主Doudizhu 8R-0.1.rep",ctrl+Q++Q,1,贫农,P,农民
20250603,20250603_7,"210448,斗地主Doudizhu 8R-0.1.rep",Luckyy2023,0,地主,P,农民
20250603,20250603_7,"210448,斗地主Doudizhu 8R-0.1.rep",wuenbin1980,0,地主,P,农民
20250603,20250603_7,"210448,斗地主Doudizhu 8R-0.1.rep",FFS-Open-1,0,地主,P,农民
20250603,20250603_7,"210448,斗地主Doudizhu 8R-0.1.rep",nianqing,1,富农,P,农民
20250603,20250603_7,"210448,斗地主Doudizhu 8R-0.1.rep",VGer_Whc,1,贫农,P,农民
20250603,20250603_7,"210448,斗地主Doudizhu 8R-0.1.rep",lansoov,1,贫农,Z,农民
20250603,20250603_7,"210448,斗地主Doudizhu 8R-0.1.rep",FFS-fly,1,贫农,P,农民
20250603,20250603_7,"210448,斗地主Doudizhu 8R-0.1.rep",do''do,1,贫农,Z,农民
20250603,20250603_8,"212714,斗地主Doudizhu 4.46.rep",FFS-fly,0,地主,P,农民
20250603,20250603_8,"212714,斗地主Doudizhu 4.46.rep",lansoov,0,地主,P,农民
20250603,20250603_8,"212714,斗地主Doudizhu 4.46.rep",nianqing,0,地主,P,农民
20250603,20250603_8,"212714,斗地主Doudizhu 4.46.rep",FoR_TVSPZ,1,富农,P,农民
20250603,20250603_8,"212714,斗地主Doudizhu 4.46.rep",mosuo,1,贫农,P,农民
20250603,20250603_8,"212714,斗地主Doudizhu 4.46.rep",spacesys,1,贫农,T,农民
20250603,20250603_8,"212714,斗地主Doudizhu 4.46.rep",wuenbin1980,1,贫农,P,农民
20250603,20250603_8,"212714,斗地主Doudizhu 4.46.rep",digua,1,贫农,P,农民
20250603,20250603_9,"215319,斗地主Doudizhu 4.46.rep",FFS-fly,0,地主,P,农民
20250603,20250603_9,"215319,斗地主Doudizhu 4.46.rep",FF-GBLW,0,地主,T,农民
20250603,20250603_9,"215319,斗地主Doudizhu 4.46.rep",lansoov,0,地主,P,农民
20250603,20250603_9,"215319,斗地主Doudizhu 4.46.rep",Luckyy2023,1,富农,P,农民
20250603,20250603_9,"215319,斗地主Doudizhu 4.46.rep",spacesys,1,贫农,T,农民
20250603,20250603_9,"215319,斗地主Doudizhu 4.46.rep",mosuo,1,贫农,P,农民
20250603,20250603_9,"215319,斗地主Doudizhu 4.46.rep",wuenbin1980,1,贫农,P,农民
20250603,20250603_10,"221825,斗地主Doudizhu 8R-0.1.rep",haskar,0,地主,T,农民
20250603,20250603_10,"221825,斗地主Doudizhu 8R-0.1.rep",lxllll,0,地主,Z,农民
20250603,20250603_10,"221825,斗地主Doudizhu 8R-0.1.rep",dkstarch,0,地主,P,农民
20250603,20250603_10,"221825,斗地主Doudizhu 8R-0.1.rep",nianqing,1,富农,T,农民
20250603,20250603_10,"221825,斗地主Doudizhu 8R-0.1.rep",mosuo,1,贫农,P,农民
20250603,20250603_10,"221825,斗地主Doudizhu 8R-0.1.rep",IKILllIII,1,贫农,P,农民
20250603,20250603_10,"221825,斗地主Doudizhu 8R-0.1.rep",FFS-fly,1,贫农,P,农民
20250603,20250603_10,"221825,斗地主Doudizhu 8R-0.1.rep",FFS-9527,1,贫农,Z,农民
20250603,20250603_11,"223016,斗地主Doudizhu 4.47.rep",lxllll,1,地主,Z,地主
20250603,20250603_11,"223016,斗地主Doudizhu 4.47.rep",VGer_Whc,1,地主,P,地主
20250603,20250603_11,"223016,斗地主Doudizhu 4.47.rep",FFS-fly,1,地主,P,地主
20250603,20250603_11,"223016,斗地主Doudizhu 4.47.rep",nianqing,0,富农,P,地主
20250603,20250603_11,"223016,斗地主Doudizhu 4.47.rep",GOODTIME-NB,0,贫农,Z,地主
20250603,20250603_11,"223016,斗地主Doudizhu 4.47.rep",FFS-9527,0,贫农,Z,地主
20250603,20250603_11,"223016,斗地主Doudizhu 4.47.rep",haskar,0,贫农,T,地主
20250603,20250603_11,"223016,斗地主Doudizhu 4.47.rep",FF-GBLW,0,贫农,T,地主
20250603,20250603_12,"224706,斗地主Doudizhu 4.47.rep",lxllll,1,地主,Z,地主
20250603,20250603_12,"224706,斗地主Doudizhu 4.47.rep",SC==G0D~,1,地主,Z,地主
20250603,20250603_12,"224706,斗地主Doudizhu 4.47.rep",lansoov,1,地主,P,地主
20250603,20250603_12,"224706,斗地主Doudizhu 4.47.rep",VGer_Whc,0,富农,P,地主
20250603,20250603_12,"224706,斗地主Doudizhu 4.47.rep",GOODTIME-NB,0,贫农,Z,地主
20250603,20250603_12,"224706,斗地主Doudizhu 4.47.rep",blackdos,0,贫农,T,地主
20250603,20250603_12,"224706,斗地主Doudizhu 4.47.rep",dkstarch,0,贫农,T,地主
20250603,20250603_12,"224706,斗地主Doudizhu 4.47.rep",haskar,0,贫农,P,地主
20250603,20250603_13,"230550,斗地主Doudizhu 4.47.rep",SC==G0D~,0,地主,Z,农民
20250603,20250603_13,"230550,斗地主Doudizhu 4.47.rep",lansoov,0,地主,P,农民
20250603,20250603_13,"230550,斗地主Doudizhu 4.47.rep",VGer_Whc,0,地主,P,农民
20250603,20250603_13,"230550,斗地主Doudizhu 4.47.rep",haskar,1,富农,P,农民
20250603,20250603_13,"230550,斗地主Doudizhu 4.47.rep",nianqing,1,贫农,P,农民
20250603,20250603_13,"230550,斗地主Doudizhu 4.47.rep",blackdos,1,贫农,T,农民
20250603,20250603_13,"230550,斗地主Doudizhu 4.47.rep",dkstarch,1,贫农,T,农民
20250603,20250603_13,"230550,斗地主Doudizhu 4.47.rep",do''do,1,贫农,Z,农民
20250603,20250603_14,"232733,斗地主Doudizhu 4.47.rep",SC==G0D~,0,地主,Z,农民
20250603,20250603_14,"232733,斗地主Doudizhu 4.47.rep",lansoov,0,地主,P,农民
20250603,20250603_14,"232733,斗地主Doudizhu 4.47.rep",Flashback..,0,地主,P,农民
20250603,20250603_14,"232733,斗地主Doudizhu 4.47.rep",VGer_Whc,1,富农,P,农民
20250603,20250603_14,"232733,斗地主Doudizhu 4.47.rep",haskar,1,贫农,T,农民
20250603,20250603_14,"232733,斗地主Doudizhu 4.47.rep",do''do,1,贫农,Z,农民
20250603,20250603_14,"232733,斗地主Doudizhu 4.47.rep",dkstarch,1,贫农,P,农民
20250603,20250603_14,"232733,斗地主Doudizhu 4.47.rep",FFS-Open-1,1,贫农,P,农民
20250604,20250604_1,"195409,斗地主Doudizhu 8R-0.1.rep",FoR_TVSPZ,0,地主,P,农民
20250604,20250604_1,"195409,斗地主Doudizhu 8R-0.1.rep",ReturnToSpring,0,地主,T,农民
20250604,20250604_1,"195409,斗地主Doudizhu 8R-0.1.rep",FFS-Open-1,0,地主,P,农民
20250604,20250604_1,"195409,斗地主Doudizhu 8R-0.1.rep",GGrush_Doudizhu,1,富农,Z,农民
20250604,20250604_1,"195409,斗地主Doudizhu 8R-0.1.rep",lansoov,1,贫农,P,农民
20250604,20250604_1,"195409,斗地主Doudizhu 8R-0.1.rep",IKILllIII,1,贫农,P,农民
20250604,20250604_1,"195409,斗地主Doudizhu 8R-0.1.rep",FFS-fly,1,贫农,P,农民
20250604,20250604_1,"195409,斗地主Doudizhu 8R-0.1.rep",tuyukoreasex,1,贫农,P,农民
20250604,20250604_2,"200944,斗地主Doudizhu 8R-0.1.rep",FoR_TVSPZ,1,地主,P,地主
20250604,20250604_2,"200944,斗地主Doudizhu 8R-0.1.rep",tuyukoreasex,1,地主,P,地主
20250604,20250604_2,"200944,斗地主Doudizhu 8R-0.1.rep",VGer_Whc,1,地主,P,地主
20250604,20250604_2,"200944,斗地主Doudizhu 8R-0.1.rep",GGrush_Doudizhu,0,富农,T,地主
20250604,20250604_2,"200944,斗地主Doudizhu 8R-0.1.rep",FFS-fly,0,贫农,P,地主
20250604,20250604_2,"200944,斗地主Doudizhu 8R-0.1.rep",IKILllIII,0,贫农,P,地主
20250604,20250604_2,"200944,斗地主Doudizhu 8R-0.1.rep",ReturnToSpring,0,贫农,P,地主
20250604,20250604_2,"200944,斗地主Doudizhu 8R-0.1.rep",lansoov,0,贫农,Z,地主
20250604,20250604_3,"202310,斗地主Doudizhu 8R-0.1.rep",tuyukoreasex,1,地主,P,地主
20250604,20250604_3,"202310,斗地主Doudizhu 8R-0.1.rep",lansoov,1,地主,P,地主
20250604,20250604_3,"202310,斗地主Doudizhu 8R-0.1.rep",IKILllIII,1,地主,P,地主
20250604,20250604_3,"202310,斗地主Doudizhu 8R-0.1.rep",ReturnToSpring,0,富农,P,地主
20250604,20250604_3,"202310,斗地主Doudizhu 8R-0.1.rep",FoR_TVSPZ,0,贫农,P,地主
20250604,20250604_3,"202310,斗地主Doudizhu 8R-0.1.rep",VGer_Whc,0,贫农,P,地主
20250604,20250604_3,"202310,斗地主Doudizhu 8R-0.1.rep",GGrush_Doudizhu,0,贫农,T,地主
20250604,20250604_3,"202310,斗地主Doudizhu 8R-0.1.rep",FFS-fly,0,贫农,P,地主
20250604,20250604_4,"205555,斗地主Doudizhu 8R-0.1.rep",lansoov,0,地主,T,农民
20250604,20250604_4,"205555,斗地主Doudizhu 8R-0.1.rep",tuyukoreasex,0,地主,P,农民
20250604,20250604_4,"205555,斗地主Doudizhu 8R-0.1.rep",GGrush_Doudizhu,0,地主,P,农民
20250604,20250604_4,"205555,斗地主Doudizhu 8R-0.1.rep",FFS-fly,1,富农,P,农民
20250604,20250604_4,"205555,斗地主Doudizhu 8R-0.1.rep",FoR_TVSPZ,1,贫农,P,农民
20250604,20250604_4,"205555,斗地主Doudizhu 8R-0.1.rep",VGer_Whc,1,贫农,P,农民
20250604,20250604_4,"205555,斗地主Doudizhu 8R-0.1.rep",ReturnToSpring,1,贫农,P,农民
20250604,20250604_4,"205555,斗地主Doudizhu 8R-0.1.rep",IKILllIII,1,贫农,P,农民
20250604,20250604_5,"211311,斗地主Doudizhu 8R-0.1.rep",FoR_TVSPZ,1,地主,P,地主
20250604,20250604_5,"211311,斗地主Doudizhu 8R-0.1.rep",VGer_Whc,1,地主,P,地主
20250604,20250604_5,"211311,斗地主Doudizhu 8R-0.1.rep",ReturnToSpring,1,地主,P,地主
20250604,20250604_5,"211311,斗地主Doudizhu 8R-0.1.rep",lansoov,0,富农,P,地主
20250604,20250604_5,"211311,斗地主Doudizhu 8R-0.1.rep",GGrush_Doudizhu,0,贫农,Z,地主
20250604,20250604_5,"211311,斗地主Doudizhu 8R-0.1.rep",FFS-fly,0,贫农,P,地主
20250604,20250604_5,"211311,斗地主Doudizhu 8R-0.1.rep",IKILllIII,0,贫农,P,地主
20250604,20250604_5,"211311,斗地主Doudizhu 8R-0.1.rep",tuyukoreasex,0,贫农,P,地主
20250604,20250604_6,"212849,斗地主Doudizhu 8R-0.1.rep",lansoov,1,地主,Z,地主
20250604,20250604_6,"212849,斗地主Doudizhu 8R-0.1.rep",GGrush_Doudizhu,1,地主,P,地主
20250604,20250604_6,"212849,斗地主Doudizhu 8R-0.1.rep",VGer_Whc,1,地主,P,地主
20250604,20250604_6,"212849,斗地主Doudizhu 8R-0.1.rep",ReturnToSpring,0,富农,P,地主
20250604,20250604_6,"212849,斗地主Doudizhu 8R-0.1.rep",FFS-fly,0,贫农,P,地主
20250604,20250604_6,"212849,斗地主Doudizhu 8R-0.1.rep",FoR_TVSPZ,0,贫农,P,地主
20250604,20250604_6,"212849,斗地主Doudizhu 8R-0.1.rep",tuyukoreasex,0,贫农,Z,地主
20250604,20250604_6,"212849,斗地主Doudizhu 8R-0.1.rep",IKILllIII,0,贫农,P,地主
20250604,20250604_7,"214258,斗地主Doudizhu 8R-0.1.rep",lansoov,0,地主,Z,农民
20250604,20250604_7,"214258,斗地主Doudizhu 8R-0.1.rep",FFS-fly,0,地主,P,农民
20250604,20250604_7,"214258,斗地主Doudizhu 8R-0.1.rep",lxllll,0,地主,Z,农民
20250604,20250604_7,"214258,斗地主Doudizhu 8R-0.1.rep",FoR_TVSPZ,1,富农,P,农民
20250604,20250604_7,"214258,斗地主Doudizhu 8R-0.1.rep",GGrush_Doudizhu,1,贫农,P,农民
20250604,20250604_7,"214258,斗地主Doudizhu 8R-0.1.rep",IKILllIII,1,贫农,P,农民
20250604,20250604_7,"214258,斗地主Doudizhu 8R-0.1.rep",tuyukoreasex,1,贫农,P,农民
20250604,20250604_7,"214258,斗地主Doudizhu 8R-0.1.rep",VGer_Whc,1,贫农,P,农民
20250604,20250604_8,"215315,斗地主Doudizhu 8R-0.1.rep",lansoov,0,地主,T,农民
20250604,20250604_8,"215315,斗地主Doudizhu 8R-0.1.rep",lxllll,0,地主,Z,农民
20250604,20250604_8,"215315,斗地主Doudizhu 8R-0.1.rep",IKILllIII,0,地主,P,农民
20250604,20250604_8,"215315,斗地主Doudizhu 8R-0.1.rep",GGrush_Doudizhu,1,富农,P,农民
20250604,20250604_8,"215315,斗地主Doudizhu 8R-0.1.rep",VGer_Whc,1,贫农,P,农民
20250604,20250604_8,"215315,斗地主Doudizhu 8R-0.1.rep",tuyukoreasex,1,贫农,T,农民
20250604,20250604_8,"215315,斗地主Doudizhu 8R-0.1.rep",FFS-fly,1,贫农,P,农民
20250604,20250604_8,"215315,斗地主Doudizhu 8R-0.1.rep",FoR_TVSPZ,1,贫农,P,农民
20250604,20250604_9,"220439,斗地主Doudizhu 8R-0.1.rep",lxllll,0,地主,Z,农民
20250604,20250604_9,"220439,斗地主Doudizhu 8R-0.1.rep",FoR_TVSPZ,0,地主,P,农民
20250604,20250604_9,"220439,斗地主Doudizhu 8R-0.1.rep",tuyukoreasex,0,地主,T,农民
20250604,20250604_9,"220439,斗地主Doudizhu 8R-0.1.rep",VGer_Whc,1,富农,P,农民
20250604,20250604_9,"220439,斗地主Doudizhu 8R-0.1.rep",FFS-fly,1,贫农,P,农民
20250604,20250604_9,"220439,斗地主Doudizhu 8R-0.1.rep",IKILllIII,1,贫农,P,农民
20250604,20250604_9,"220439,斗地主Doudizhu 8R-0.1.rep",lansoov,1,贫农,P,农民
20250604,20250604_9,"220439,斗地主Doudizhu 8R-0.1.rep",GGrush_Doudizhu,1,贫农,Z,农民
20250605,20250605_1,"194856,斗地主Doudizhu 4.47.rep",BangZiJi999,0,地主,P,农民
20250605,20250605_1,"194856,斗地主Doudizhu 4.47.rep",Flashback..,0,地主,T,农民
20250605,20250605_1,"194856,斗地主Doudizhu 4.47.rep",lansoov,0,地主,P,农民
20250605,20250605_1,"194856,斗地主Doudizhu 4.47.rep",FoR_TVSPZ,1,富农,P,农民
20250605,20250605_1,"194856,斗地主Doudizhu 4.47.rep",mosuo,1,贫农,P,农民
20250605,20250605_1,"194856,斗地主Doudizhu 4.47.rep",wuenbin1980,1,贫农,P,农民
20250605,20250605_1,"194856,斗地主Doudizhu 4.47.rep",nianqing,1,贫农,P,农民
20250605,20250605_1,"194856,斗地主Doudizhu 4.47.rep",FFS-Open-1,1,贫农,P,农民
20250605,20250605_2,"201929,斗地主Doudizhu 4.47.rep",Flashback..,0,地主,T,农民
20250605,20250605_2,"201929,斗地主Doudizhu 4.47.rep",lansoov,0,地主,P,农民
20250605,20250605_2,"201929,斗地主Doudizhu 4.47.rep",BangZiJi999,0,地主,P,农民
20250605,20250605_2,"201929,斗地主Doudizhu 4.47.rep",FoR_TVSPZ,1,富农,P,农民
20250605,20250605_2,"201929,斗地主Doudizhu 4.47.rep",FFS-KaKaRu,1,贫农,Z,农民
20250605,20250605_2,"201929,斗地主Doudizhu 4.47.rep",nianqing,1,贫农,T,农民
20250605,20250605_2,"201929,斗地主Doudizhu 4.47.rep",FFS-DBS,1,贫农,T,农民
20250605,20250605_2,"201929,斗地主Doudizhu 4.47.rep",mosuo,1,贫农,P,农民
20250605,20250605_3,"203112,斗地主Doudizhu 4.47.rep",SPing'Z,0,地主,T,农民
20250605,20250605_3,"203112,斗地主Doudizhu 4.47.rep",nianqing,0,地主,P,农民
20250605,20250605_3,"203112,斗地主Doudizhu 4.47.rep",CLOSE777,0,地主,Z,农民
20250605,20250605_3,"203112,斗地主Doudizhu 4.47.rep",GGrush_Doudizhu,1,富农,P,农民
20250605,20250605_3,"203112,斗地主Doudizhu 4.47.rep",FoR_TVSPZ,1,贫农,T,农民
20250605,20250605_3,"203112,斗地主Doudizhu 4.47.rep",FFS-DBS,1,贫农,T,农民
20250605,20250605_3,"203112,斗地主Doudizhu 4.47.rep",wuenbin1980,1,贫农,P,农民
20250605,20250605_3,"203112,斗地主Doudizhu 4.47.rep",lansoov,1,贫农,T,农民
20250605,20250605_4,"203850,斗地主Doudizhu 4.47.rep",Flashback..,0,地主,P,农民
20250605,20250605_4,"203850,斗地主Doudizhu 4.47.rep",nianqing,0,地主,P,农民
20250605,20250605_4,"203850,斗地主Doudizhu 4.47.rep",CLOSE777,0,地主,P,农民
20250605,20250605_4,"203850,斗地主Doudizhu 4.47.rep",GGrush_Doudizhu,1,富农,P,农民
20250605,20250605_4,"203850,斗地主Doudizhu 4.47.rep",FFS-fly,1,贫农,P,农民
20250605,20250605_4,"203850,斗地主Doudizhu 4.47.rep",lansoov,1,贫农,T,农民
20250605,20250605_4,"203850,斗地主Doudizhu 4.47.rep",44ikljli,1,贫农,P,农民
20250605,20250605_4,"203850,斗地主Doudizhu 4.47.rep",FFS-KaKaRu,1,贫农,Z,农民
20250605,20250605_5,"210959,斗地主Doudizhu 4.47.rep",lansoov,1,地主,T,地主
20250605,20250605_5,"210959,斗地主Doudizhu 4.47.rep",CLOSE777,1,地主,P,地主
20250605,20250605_5,"210959,斗地主Doudizhu 4.47.rep",FFS-fly,1,地主,P,地主
20250605,20250605_5,"210959,斗地主Doudizhu 4.47.rep",GGrush_Doudizhu,0,富农,P,地主
20250605,20250605_5,"210959,斗地主Doudizhu 4.47.rep",haskar,0,贫农,T,地主
20250605,20250605_5,"210959,斗地主Doudizhu 4.47.rep",FFS-KaKaRu,0,贫农,Z,地主
20250605,20250605_5,"210959,斗地主Doudizhu 4.47.rep",nianqing,0,贫农,T,地主
20250605,20250605_5,"210959,斗地主Doudizhu 4.47.rep",FFS-DBS,0,贫农,T,地主
20250605,20250605_6,"212848,斗地主Doudizhu 4.47.rep",BangZiJi999,1,地主,P,地主
20250605,20250605_6,"212848,斗地主Doudizhu 4.47.rep",VGer_Whc,1,地主,P,地主
20250605,20250605_6,"212848,斗地主Doudizhu 4.47.rep",GGrush_Doudizhu,1,地主,Z,地主
20250605,20250605_6,"212848,斗地主Doudizhu 4.47.rep",lansoov,0,富农,P,地主
20250605,20250605_6,"212848,斗地主Doudizhu 4.47.rep",FFS-fly,0,贫农,P,地主
20250605,20250605_6,"212848,斗地主Doudizhu 4.47.rep",FoR_TVSPZ,0,贫农,T,地主
20250605,20250605_6,"212848,斗地主Doudizhu 4.47.rep",nianqing,0,贫农,P,地主
20250605,20250605_6,"212848,斗地主Doudizhu 4.47.rep",FFS-KaKaRu,0,贫农,Z,地主
20250605,20250605_7,"214111,斗地主Doudizhu 4.47.rep",NiceBird,0,地主,P,农民
20250605,20250605_7,"214111,斗地主Doudizhu 4.47.rep",BangZiJi999,0,地主,P,农民
20250605,20250605_7,"214111,斗地主Doudizhu 4.47.rep",lansoov,0,地主,P,农民
20250605,20250605_7,"214111,斗地主Doudizhu 4.47.rep",Luckyy2023,1,富农,P,农民
20250605,20250605_7,"214111,斗地主Doudizhu 4.47.rep",FFS-DBS,1,贫农,T,农民
20250605,20250605_7,"214111,斗地主Doudizhu 4.47.rep",VGer_Whc,1,贫农,Z,农民
20250605,20250605_7,"214111,斗地主Doudizhu 4.47.rep",FoR_TVSPZ,1,贫农,T,农民
20250605,20250605_7,"214111,斗地主Doudizhu 4.47.rep",Flashback..,1,贫农,T,农民
20250605,20250605_8,"215955,斗地主Doudizhu 4.47.rep",VGer_Whc,1,地主,P,地主
20250605,20250605_8,"215955,斗地主Doudizhu 4.47.rep",BangZiJi999,1,地主,T,地主
20250605,20250605_8,"215955,斗地主Doudizhu 4.47.rep",FoR_TVSPZ,1,地主,P,地主
20250605,20250605_8,"215955,斗地主Doudizhu 4.47.rep",NiceBird,0,富农,P,地主
20250605,20250605_8,"215955,斗地主Doudizhu 4.47.rep",FFS-DBS,0,贫农,T,地主
20250605,20250605_8,"215955,斗地主Doudizhu 4.47.rep",nianqing,0,贫农,Z,地主
20250605,20250605_8,"215955,斗地主Doudizhu 4.47.rep",GGrush_Doudizhu,0,贫农,T,地主
20250605,20250605_8,"215955,斗地主Doudizhu 4.47.rep",lansoov,0,贫农,P,地主
20250605,20250605_9,"221210,斗地主Doudizhu 4.47.rep",GGrush_Doudizhu,1,地主,P,地主
20250605,20250605_9,"221210,斗地主Doudizhu 4.47.rep",VGer_Whc,1,地主,P,地主
20250605,20250605_9,"221210,斗地主Doudizhu 4.47.rep",BangZiJi999,1,地主,T,地主
20250605,20250605_9,"221210,斗地主Doudizhu 4.47.rep",NiceBird,0,富农,Z,地主
20250605,20250605_9,"221210,斗地主Doudizhu 4.47.rep",lansoov,0,贫农,T,地主
20250605,20250605_9,"221210,斗地主Doudizhu 4.47.rep",do''do,0,贫农,Z,地主
20250605,20250605_9,"221210,斗地主Doudizhu 4.47.rep",feifeiht,0,贫农,P,地主
20250605,20250605_9,"221210,斗地主Doudizhu 4.47.rep",nianqing,0,贫农,P,地主
20250605,20250605_10,"222027,斗地主Doudizhu 4.47.rep",GGrush_Doudizhu,0,地主,T,农民
20250605,20250605_10,"222027,斗地主Doudizhu 4.47.rep",FFS-fly,0,地主,P,农民
20250605,20250605_10,"222027,斗地主Doudizhu 4.47.rep",NiceBird,0,地主,P,农民
20250605,20250605_10,"222027,斗地主Doudizhu 4.47.rep",lansoov,1,富农,P,农民
20250605,20250605_10,"222027,斗地主Doudizhu 4.47.rep",do''do,1,贫农,Z,农民
20250605,20250605_10,"222027,斗地主Doudizhu 4.47.rep",Luckyy2023,1,贫农,P,农民
20250605,20250605_10,"222027,斗地主Doudizhu 4.47.rep",VGer_Whc,1,贫农,T,农民
20250605,20250605_10,"222027,斗地主Doudizhu 4.47.rep",feifeiht,1,贫农,P,农民
20250605,20250605_11,"222614,斗地主Doudizhu 4.47.rep",feifeiht,1,地主,P,地主
20250605,20250605_11,"222614,斗地主Doudizhu 4.47.rep",GGrush_Doudizhu,1,地主,P,地主
20250605,20250605_11,"222614,斗地主Doudizhu 4.47.rep",FFS-fly,1,地主,P,地主
20250605,20250605_11,"222614,斗地主Doudizhu 4.47.rep",NiceBird,0,富农,P,地主
20250605,20250605_11,"222614,斗地主Doudizhu 4.47.rep",IKILllIII,0,贫农,P,地主
20250605,20250605_11,"222614,斗地主Doudizhu 4.47.rep",VGer_Whc,0,贫农,T,地主
20250605,20250605_11,"222614,斗地主Doudizhu 4.47.rep",lansoov,0,贫农,T,地主
20250605,20250605_11,"222614,斗地主Doudizhu 4.47.rep",nianqing,0,贫农,Z,地主
20250605,20250605_12,"225158,斗地主Doudizhu 4.47.rep",GGrush_Doudizhu,1,地主,T,地主
20250605,20250605_12,"225158,斗地主Doudizhu 4.47.rep",VGer_Whc,1,地主,P,地主
20250605,20250605_12,"225158,斗地主Doudizhu 4.47.rep",Luckyy2023,1,地主,P,地主
20250605,20250605_12,"225158,斗地主Doudizhu 4.47.rep",lansoov,0,富农,P,地主
20250605,20250605_12,"225158,斗地主Doudizhu 4.47.rep",nianqing,0,贫农,Z,地主
20250605,20250605_12,"225158,斗地主Doudizhu 4.47.rep",feifeiht,0,贫农,P,地主
20250605,20250605_12,"225158,斗地主Doudizhu 4.47.rep",FFS-fly,0,贫农,P,地主
20250605,20250605_12,"225158,斗地主Doudizhu 4.47.rep",mosuo,0,贫农,P,地主
20250605,20250605_13,"232257,斗地主Doudizhu 4.47.rep",FFS-fly,0,地主,Z,农民
20250605,20250605_13,"232257,斗地主Doudizhu 4.47.rep",CLOSE777,0,地主,P,农民
20250605,20250605_13,"232257,斗地主Doudizhu 4.47.rep",GGrush_Doudizhu,0,地主,P,农民
20250605,20250605_13,"232257,斗地主Doudizhu 4.47.rep",feifeiht,1,富农,Z,农民
20250605,20250605_13,"232257,斗地主Doudizhu 4.47.rep",FFS-DBS,1,贫农,T,农民
20250605,20250605_13,"232257,斗地主Doudizhu 4.47.rep",Luckyy2023,1,贫农,Z,农民
20250605,20250605_13,"232257,斗地主Doudizhu 4.47.rep",nianqing,1,贫农,P,农民
20250605,20250605_13,"232257,斗地主Doudizhu 4.47.rep",lansoov,1,贫农,P,农民
20250605,20250605_14,"234747,斗地主Doudizhu 4.47.rep",lxllll,1,地主,Z,地主
20250605,20250605_14,"234747,斗地主Doudizhu 4.47.rep",FFS-fly,1,地主,P,地主
20250605,20250605_14,"234747,斗地主Doudizhu 4.47.rep",GGrush_Doudizhu,1,地主,P,地主
20250605,20250605_14,"234747,斗地主Doudizhu 4.47.rep",lansoov,0,富农,P,地主
20250605,20250605_14,"234747,斗地主Doudizhu 4.47.rep",CLOSE777,0,贫农,T,地主
20250605,20250605_14,"234747,斗地主Doudizhu 4.47.rep",FFS-Open-1,0,贫农,P,地主
20250605,20250605_14,"234747,斗地主Doudizhu 4.47.rep",VGer_Whc,0,贫农,T,地主
20250605,20250605_14,"234747,斗地主Doudizhu 4.47.rep",nianqing,0,贫农,Z,地主
20250606,20250606_1,"200857,斗地主Doudizhu 4.47.rep",TianW,0,地主,P,农民
20250606,20250606_1,"200857,斗地主Doudizhu 4.47.rep",lansoov,0,地主,T,农民
20250606,20250606_1,"200857,斗地主Doudizhu 4.47.rep",VGer_Whc,0,地主,P,农民
20250606,20250606_1,"200857,斗地主Doudizhu 4.47.rep",FFS-Open-1,1,富农,P,农民
20250606,20250606_1,"200857,斗地主Doudizhu 4.47.rep",IKILllIII,1,贫农,P,农民
20250606,20250606_1,"200857,斗地主Doudizhu 4.47.rep",GGrush_Doudizhu,1,贫农,T,农民
20250606,20250606_1,"200857,斗地主Doudizhu 4.47.rep",mosuo,1,贫农,P,农民
20250606,20250606_1,"200857,斗地主Doudizhu 4.47.rep",FoR_TVSPZ,1,贫农,T,农民
20250606,20250606_2,"203014,斗地主Doudizhu 4.47.rep",mosuo,0,地主,P,农民
20250606,20250606_2,"203014,斗地主Doudizhu 4.47.rep",GGrush_Doudizhu,0,地主,P,农民
20250606,20250606_2,"203014,斗地主Doudizhu 4.47.rep",lansoov,0,地主,T,农民
20250606,20250606_2,"203014,斗地主Doudizhu 4.47.rep",TianW,1,富农,P,农民
20250606,20250606_2,"203014,斗地主Doudizhu 4.47.rep",FoR_TVSPZ,1,贫农,T,农民
20250606,20250606_2,"203014,斗地主Doudizhu 4.47.rep",VGer_Whc,1,贫农,T,农民
20250606,20250606_2,"203014,斗地主Doudizhu 4.47.rep",FFS-Open-1,1,贫农,P,农民
20250606,20250606_2,"203014,斗地主Doudizhu 4.47.rep",IKILllIII,1,贫农,P,农民
20250606,20250606_3,"203559,斗地主Doudizhu 4.47.rep",FoR_TVSPZ,1,地主,P,地主
20250606,20250606_3,"203559,斗地主Doudizhu 4.47.rep",lansoov,1,地主,P,地主
20250606,20250606_3,"203559,斗地主Doudizhu 4.47.rep",FFS-Open-1,1,地主,P,地主
20250606,20250606_3,"203559,斗地主Doudizhu 4.47.rep",GGrush_Doudizhu,0,富农,P,地主
20250606,20250606_3,"203559,斗地主Doudizhu 4.47.rep",TianW,0,贫农,T,地主
20250606,20250606_3,"203559,斗地主Doudizhu 4.47.rep",VGer_Whc,0,贫农,T,地主
20250606,20250606_3,"203559,斗地主Doudizhu 4.47.rep",IKILllIII,0,贫农,P,地主
20250606,20250606_3,"203559,斗地主Doudizhu 4.47.rep",mosuo,0,贫农,P,地主
20250606,20250606_4,"204509,斗地主Doudizhu 4.47.rep",mosuo,0,地主,P,农民
20250606,20250606_4,"204509,斗地主Doudizhu 4.47.rep",TianW,0,地主,Z,农民
20250606,20250606_4,"204509,斗地主Doudizhu 4.47.rep",VGer_Whc,0,地主,P,农民
20250606,20250606_4,"204509,斗地主Doudizhu 4.47.rep",FoR_TVSPZ,1,富农,P,农民
20250606,20250606_4,"204509,斗地主Doudizhu 4.47.rep",FFS-Open-1,1,贫农,P,农民
20250606,20250606_4,"204509,斗地主Doudizhu 4.47.rep",GGrush_Doudizhu,1,贫农,T,农民
20250606,20250606_4,"204509,斗地主Doudizhu 4.47.rep",IKILllIII,1,贫农,P,农民
20250606,20250606_4,"204509,斗地主Doudizhu 4.47.rep",lansoov,1,贫农,P,农民
20250606,20250606_5,"210513,斗地主Doudizhu 4.47.rep",GGrush_Doudizhu,0,地主,Z,农民
20250606,20250606_5,"210513,斗地主Doudizhu 4.47.rep",IKILllIII,0,地主,P,农民
20250606,20250606_5,"210513,斗地主Doudizhu 4.47.rep",FoR_TVSPZ,0,地主,P,农民
20250606,20250606_5,"210513,斗地主Doudizhu 4.47.rep",VGer_Whc,1,富农,P,农民
20250606,20250606_5,"210513,斗地主Doudizhu 4.47.rep",mosuo,1,贫农,P,农民
20250606,20250606_5,"210513,斗地主Doudizhu 4.47.rep",FFS-Open-1,1,贫农,P,农民
20250606,20250606_5,"210513,斗地主Doudizhu 4.47.rep",lansoov,1,贫农,P,农民
20250606,20250606_5,"210513,斗地主Doudizhu 4.47.rep",TianW,1,贫农,T,农民
20250606,20250606_6,"211408,斗地主Doudizhu 4.47.rep",FFS-Open-1,0,地主,P,农民
20250606,20250606_6,"211408,斗地主Doudizhu 4.47.rep",VGer_Whc,0,地主,P,农民
20250606,20250606_6,"211408,斗地主Doudizhu 4.47.rep",TianW,0,地主,Z,农民
20250606,20250606_6,"211408,斗地主Doudizhu 4.47.rep",IKILllIII,1,富农,P,农民
20250606,20250606_6,"211408,斗地主Doudizhu 4.47.rep",GGrush_Doudizhu,1,贫农,T,农民
20250606,20250606_6,"211408,斗地主Doudizhu 4.47.rep",FoR_TVSPZ,1,贫农,T,农民
20250606,20250606_6,"211408,斗地主Doudizhu 4.47.rep",mosuo,1,贫农,P,农民
20250606,20250606_6,"211408,斗地主Doudizhu 4.47.rep",lansoov,1,贫农,P,农民
20250606,20250606_7,"213200,斗地主Doudizhu 4.47.rep",IKILllIII,0,地主,P,农民
20250606,20250606_7,"213200,斗地主Doudizhu 4.47.rep",mosuo,0,地主,P,农民
20250606,20250606_7,"213200,斗地主Doudizhu 4.47.rep",FoR_TVSPZ,0,地主,P,农民
20250606,20250606_7,"213200,斗地主Doudizhu 4.47.rep",lansoov,1,富农,P,农民
20250606,20250606_7,"213200,斗地主Doudizhu 4.47.rep",VGer_Whc,1,贫农,T,农民
20250606,20250606_7,"213200,斗地主Doudizhu 4.47.rep",FFS-Open-1,1,贫农,P,农民
20250606,20250606_7,"213200,斗地主Doudizhu 4.47.rep",TianW,1,贫农,T,农民
20250606,20250606_7,"213200,斗地主Doudizhu 4.47.rep",GGrush_Doudizhu,1,贫农,Z,农民
20250606,20250606_8,"214931,斗地主Doudizhu 4.47.rep",GGrush_Doudizhu,0,地主,T,农民
20250606,20250606_8,"214931,斗地主Doudizhu 4.47.rep",IKILllIII,0,地主,P,农民
20250606,20250606_8,"214931,斗地主Doudizhu 4.47.rep",FFS-Open-1,0,地主,P,农民
20250606,20250606_8,"214931,斗地主Doudizhu 4.47.rep",mosuo,1,富农,P,农民
20250606,20250606_8,"214931,斗地主Doudizhu 4.47.rep",FoR_TVSPZ,1,贫农,T,农民
20250606,20250606_8,"214931,斗地主Doudizhu 4.47.rep",VGer_Whc,1,贫农,T,农民
20250606,20250606_8,"214931,斗地主Doudizhu 4.47.rep",lansoov,1,贫农,Z,农民
20250606,20250606_8,"214931,斗地主Doudizhu 4.47.rep",TianW,1,贫农,T,农民
20250606,20250606_9,"220727,斗地主Doudizhu 8R-0.1.rep",mosuo,0,地主,P,农民
20250606,20250606_9,"220727,斗地主Doudizhu 8R-0.1.rep",FFS-Open-1,0,地主,P,农民
20250606,20250606_9,"220727,斗地主Doudizhu 8R-0.1.rep",VGer_Whc,0,地主,P,农民
20250606,20250606_9,"220727,斗地主Doudizhu 8R-0.1.rep",TianW,1,富农,T,农民
20250606,20250606_9,"220727,斗地主Doudizhu 8R-0.1.rep",GGrush_Doudizhu,1,贫农,P,农民
20250606,20250606_9,"220727,斗地主Doudizhu 8R-0.1.rep",FoR_TVSPZ,1,贫农,P,农民
20250606,20250606_9,"220727,斗地主Doudizhu 8R-0.1.rep",lansoov,1,贫农,T,农民
20250606,20250606_9,"220727,斗地主Doudizhu 8R-0.1.rep",IKILllIII,1,贫农,P,农民
20250607,20250607_1,"211440,斗地主Doudizhu 4.47.rep",FoR_TVSPZ,0,地主,P,农民
20250607,20250607_1,"211440,斗地主Doudizhu 4.47.rep",FFS-fly,0,地主,P,农民
20250607,20250607_1,"211440,斗地主Doudizhu 4.47.rep",9527mog,0,地主,Z,农民
20250607,20250607_1,"211440,斗地主Doudizhu 4.47.rep",bayberry,1,富农,Z,农民
20250607,20250607_1,"211440,斗地主Doudizhu 4.47.rep",FFS-DBS,1,贫农,Z,农民
20250607,20250607_1,"211440,斗地主Doudizhu 4.47.rep",IKILllIII,1,贫农,T,农民
20250607,20250607_1,"211440,斗地主Doudizhu 4.47.rep",do''do,1,贫农,T,农民
20250607,20250607_1,"211440,斗地主Doudizhu 4.47.rep",mascot520,1,贫农,T,农民
20250607,20250607_2,"213445,斗地主Doudizhu 4.47.rep",IKILllIII,1,地主,P,地主
20250607,20250607_2,"213445,斗地主Doudizhu 4.47.rep",BangZiJi999,1,地主,T,地主
20250607,20250607_2,"213445,斗地主Doudizhu 4.47.rep",9527mog,1,地主,P,地主
20250607,20250607_2,"213445,斗地主Doudizhu 4.47.rep",SC==G0D~,0,富农,Z,地主
20250607,20250607_2,"213445,斗地主Doudizhu 4.47.rep",FFS-DBS,0,贫农,T,地主
20250607,20250607_2,"213445,斗地主Doudizhu 4.47.rep",digua,0,贫农,P,地主
20250607,20250607_2,"213445,斗地主Doudizhu 4.47.rep",do''do,0,贫农,T,地主
20250607,20250607_2,"213445,斗地主Doudizhu 4.47.rep",mascot520,0,贫农,Z,地主
20250607,20250607_3,"214525,斗地主Doudizhu 4.47.rep",BangZiJi999,0,地主,T,农民
20250607,20250607_3,"214525,斗地主Doudizhu 4.47.rep",GGrush_Doudizhu,0,地主,Z,农民
20250607,20250607_3,"214525,斗地主Doudizhu 4.47.rep",9527mog,0,地主,P,农民
20250607,20250607_3,"214525,斗地主Doudizhu 4.47.rep",wuenbin1980,1,富农,P,农民
20250607,20250607_3,"214525,斗地主Doudizhu 4.47.rep",mascot520,1,贫农,P,农民
20250607,20250607_3,"214525,斗地主Doudizhu 4.47.rep",FFS-Open-1,1,贫农,Z,农民
20250607,20250607_3,"214525,斗地主Doudizhu 4.47.rep",FFS_Stefsunli,1,贫农,Z,农民
20250607,20250607_3,"214525,斗地主Doudizhu 4.47.rep",FFS-DBS,1,贫农,T,农民
20250607,20250607_4,"221212,斗地主Doudizhu 4.47.rep",FFS-fly,1,地主,P,地主
20250607,20250607_4,"221212,斗地主Doudizhu 4.47.rep",lxllll,1,地主,Z,地主
20250607,20250607_4,"221212,斗地主Doudizhu 4.47.rep",GGrush_Doudizhu,1,地主,P,地主
20250607,20250607_4,"221212,斗地主Doudizhu 4.47.rep",wuenbin1980,0,富农,P,地主
20250607,20250607_4,"221212,斗地主Doudizhu 4.47.rep",FFS-Open-1,0,贫农,P,地主
20250607,20250607_4,"221212,斗地主Doudizhu 4.47.rep",SC==G0D~,0,贫农,Z,地主
20250607,20250607_4,"221212,斗地主Doudizhu 4.47.rep",FFS-no.1,0,贫农,P,地主
20250607,20250607_4,"221212,斗地主Doudizhu 4.47.rep",9527mog,0,贫农,P,地主
20250607,20250607_5,"224410,斗地主Doudizhu 4.47.rep",BangZiJi999,1,地主,P,地主
20250607,20250607_5,"224410,斗地主Doudizhu 4.47.rep",lxllll,1,地主,Z,地主
20250607,20250607_5,"224410,斗地主Doudizhu 4.47.rep",GGrush_Doudizhu,1,地主,P,地主
20250607,20250607_5,"224410,斗地主Doudizhu 4.47.rep",IKILllIII,0,富农,P,地主
20250607,20250607_5,"224410,斗地主Doudizhu 4.47.rep",mascot520,0,贫农,P,地主
20250607,20250607_5,"224410,斗地主Doudizhu 4.47.rep",FFS_Stefsunli,0,贫农,T,地主
20250607,20250607_5,"224410,斗地主Doudizhu 4.47.rep",FFS-no.1,0,贫农,Z,地主
20250607,20250607_5,"224410,斗地主Doudizhu 4.47.rep",SC==G0D~,0,贫农,Z,地主
20250607,20250607_6,"230154,斗地主Doudizhu 4.47.rep",lxllll,1,地主,Z,地主
20250607,20250607_6,"230154,斗地主Doudizhu 4.47.rep",CLOSE777,1,地主,P,地主
20250607,20250607_6,"230154,斗地主Doudizhu 4.47.rep",9527mog,1,地主,P,地主
20250607,20250607_6,"230154,斗地主Doudizhu 4.47.rep",IKILllIII,0,富农,P,地主
20250607,20250607_6,"230154,斗地主Doudizhu 4.47.rep",mascot520,0,贫农,T,地主
20250607,20250607_6,"230154,斗地主Doudizhu 4.47.rep",FFS-no.1,0,贫农,P,地主
20250607,20250607_6,"230154,斗地主Doudizhu 4.47.rep",SC==G0D~,0,贫农,Z,地主
20250607,20250607_6,"230154,斗地主Doudizhu 4.47.rep",FFS-DBS,0,贫农,T,地主
20250607,20250607_7,"231035,斗地主Doudizhu 4.47.rep",CLOSE777,1,地主,P,地主
20250607,20250607_7,"231035,斗地主Doudizhu 4.47.rep",lxllll,1,地主,Z,地主
20250607,20250607_7,"231035,斗地主Doudizhu 4.47.rep",IKILllIII,1,地主,P,地主
20250607,20250607_7,"231035,斗地主Doudizhu 4.47.rep",9527mog,0,富农,P,地主
20250607,20250607_7,"231035,斗地主Doudizhu 4.47.rep",FFS_Stefsunli,0,贫农,Z,地主
20250607,20250607_7,"231035,斗地主Doudizhu 4.47.rep",mascot520,0,贫农,Z,地主
20250607,20250607_7,"231035,斗地主Doudizhu 4.47.rep",SC==G0D~,0,贫农,Z,地主
20250607,20250607_7,"231035,斗地主Doudizhu 4.47.rep",FFS-no.1,0,贫农,P,地主
20250607,20250607_8,"232324,斗地主Doudizhu 4.47.rep",IKILllIII,0,地主,P,农民
20250607,20250607_8,"232324,斗地主Doudizhu 4.47.rep",CLOSE777,0,地主,Z,农民
20250607,20250607_8,"232324,斗地主Doudizhu 4.47.rep",9527mog,0,地主,P,农民
20250607,20250607_8,"232324,斗地主Doudizhu 4.47.rep",lxllll,1,富农,Z,农民
20250607,20250607_8,"232324,斗地主Doudizhu 4.47.rep",FFS_Stefsunli,1,贫农,Z,农民
20250607,20250607_8,"232324,斗地主Doudizhu 4.47.rep",FFS-no.1,1,贫农,Z,农民
20250607,20250607_8,"232324,斗地主Doudizhu 4.47.rep",SC==G0D~,1,贫农,Z,农民
20250607,20250607_8,"232324,斗地主Doudizhu 4.47.rep",mascot520,1,贫农,T,农民
20250607,20250607_9,"235839,斗地主Doudizhu 4.47.rep",IKILllIII,1,地主,P,地主
20250607,20250607_9,"235839,斗地主Doudizhu 4.47.rep",CLOSE777,1,地主,P,地主
20250607,20250607_9,"235839,斗地主Doudizhu 4.47.rep",9527mog,1,地主,Z,地主
20250607,20250607_9,"235839,斗地主Doudizhu 4.47.rep",lxllll,0,富农,Z,地主
20250607,20250607_9,"235839,斗地主Doudizhu 4.47.rep",mascot520,0,贫农,T,地主
20250607,20250607_9,"235839,斗地主Doudizhu 4.47.rep",FFS_Stefsunli,0,贫农,P,地主
20250607,20250607_9,"235839,斗地主Doudizhu 4.47.rep",SC==G0D~,0,贫农,Z,地主
20250607,20250607_9,"235839,斗地主Doudizhu 4.47.rep",FFS-no.1,0,贫农,Z,地主
20250609,20250609_1,"210307,斗地主Doudizhu 4.47.rep",IKILllIII,0,地主,Z,农民
20250609,20250609_1,"210307,斗地主Doudizhu 4.47.rep",Xxiaomabaoli,0,地主,P,农民
20250609,20250609_1,"210307,斗地主Doudizhu 4.47.rep",FFS-fly,0,地主,P,农民
20250609,20250609_1,"210307,斗地主Doudizhu 4.47.rep",FoR_TVSPZ,1,富农,P,农民
20250609,20250609_1,"210307,斗地主Doudizhu 4.47.rep",tuyukoreasex,1,贫农,T,农民
20250609,20250609_1,"210307,斗地主Doudizhu 4.47.rep",feifeiht,1,贫农,P,农民
20250609,20250609_1,"210307,斗地主Doudizhu 4.47.rep",Luckyy2023,1,贫农,T,农民
20250609,20250609_1,"210307,斗地主Doudizhu 4.47.rep",bayberry,1,贫农,T,农民
20250609,20250609_2,"212007,斗地主Doudizhu 4.47.rep",Xxiaomabaoli,0,地主,P,农民
20250609,20250609_2,"212007,斗地主Doudizhu 4.47.rep",ReturnToSpring,0,地主,P,农民
20250609,20250609_2,"212007,斗地主Doudizhu 4.47.rep",bayberry,0,地主,Z,农民
20250609,20250609_2,"212007,斗地主Doudizhu 4.47.rep",FoR_TVSPZ,1,富农,P,农民
20250609,20250609_2,"212007,斗地主Doudizhu 4.47.rep",mosuo,1,贫农,P,农民
20250609,20250609_2,"212007,斗地主Doudizhu 4.47.rep",tuyukoreasex,1,贫农,Z,农民
20250609,20250609_2,"212007,斗地主Doudizhu 4.47.rep",Luckyy2023,1,贫农,T,农民
20250609,20250609_2,"212007,斗地主Doudizhu 4.47.rep",feifeiht,1,贫农,P,农民
20250609,20250609_3,"214035,斗地主Doudizhu 4.47.rep",VGer_Whc,0,地主,P,农民
20250609,20250609_3,"214035,斗地主Doudizhu 4.47.rep",ReturnToSpring,0,地主,P,农民
20250609,20250609_3,"214035,斗地主Doudizhu 4.47.rep",Xxiaomabaoli,0,地主,P,农民
20250609,20250609_3,"214035,斗地主Doudizhu 4.47.rep",feifeiht,1,富农,Z,农民
20250609,20250609_3,"214035,斗地主Doudizhu 4.47.rep",FoR_TVSPZ,1,贫农,T,农民
20250609,20250609_3,"214035,斗地主Doudizhu 4.47.rep",Luckyy2023,1,贫农,T,农民
20250609,20250609_3,"214035,斗地主Doudizhu 4.47.rep",nianqing,1,贫农,P,农民
20250609,20250609_3,"214035,斗地主Doudizhu 4.47.rep",tuyukoreasex,1,贫农,P,农民
20250609,20250609_4,"215945,斗地主Doudizhu 4.47.rep",VGer_Whc,0,地主,P,农民
20250609,20250609_4,"215945,斗地主Doudizhu 4.47.rep",ReturnToSpring,0,地主,T,农民
20250609,20250609_4,"215945,斗地主Doudizhu 4.47.rep",Xxiaomabaoli,0,地主,P,农民
20250609,20250609_4,"215945,斗地主Doudizhu 4.47.rep",lxllll,1,富农,Z,农民
20250609,20250609_4,"215945,斗地主Doudizhu 4.47.rep",mosuo,1,贫农,P,农民
20250609,20250609_4,"215945,斗地主Doudizhu 4.47.rep",SC==G0D~,1,贫农,Z,农民
20250609,20250609_4,"215945,斗地主Doudizhu 4.47.rep",feifeiht,1,贫农,P,农民
20250609,20250609_4,"215945,斗地主Doudizhu 4.47.rep",tuyukoreasex,1,贫农,Z,农民
20250609,20250609_5,"221643,斗地主Doudizhu 4.47.rep",lansoov,0,地主,P,农民
20250609,20250609_5,"221643,斗地主Doudizhu 4.47.rep",VGer_Whc,0,地主,P,农民
20250609,20250609_5,"221643,斗地主Doudizhu 4.47.rep",Xxiaomabaoli,0,地主,P,农民
20250609,20250609_5,"221643,斗地主Doudizhu 4.47.rep",SC==G0D~,1,富农,Z,农民
20250609,20250609_5,"221643,斗地主Doudizhu 4.47.rep",Luckyy2023,1,贫农,T,农民
20250609,20250609_5,"221643,斗地主Doudizhu 4.47.rep",feifeiht,1,贫农,P,农民
20250609,20250609_5,"221643,斗地主Doudizhu 4.47.rep",mosuo,1,贫农,P,农民
20250609,20250609_5,"221643,斗地主Doudizhu 4.47.rep",FFS-no.1,1,贫农,P,农民
20250609,20250609_6,"222942,斗地主Doudizhu 4.47.rep",lansoov,1,地主,P,地主
20250609,20250609_6,"222942,斗地主Doudizhu 4.47.rep",VGer_Whc,1,地主,P,地主
20250609,20250609_6,"222942,斗地主Doudizhu 4.47.rep",Xxiaomabaoli,1,地主,P,地主
20250609,20250609_6,"222942,斗地主Doudizhu 4.47.rep",SC==G0D~,0,富农,Z,地主
20250609,20250609_6,"222942,斗地主Doudizhu 4.47.rep",IKILllIII,0,贫农,T,地主
20250609,20250609_6,"222942,斗地主Doudizhu 4.47.rep",mosuo,0,贫农,P,地主
20250609,20250609_6,"222942,斗地主Doudizhu 4.47.rep",NiceBird,0,贫农,T,地主
20250609,20250609_6,"222942,斗地主Doudizhu 4.47.rep",FFS-no.1,0,贫农,T,地主
20250609,20250609_7,"224827,斗地主Doudizhu 4.47.rep",Xxiaomabaoli,1,地主,P,地主
20250609,20250609_7,"224827,斗地主Doudizhu 4.47.rep",lansoov,1,地主,P,地主
20250609,20250609_7,"224827,斗地主Doudizhu 4.47.rep",VGer_Whc,1,地主,P,地主
20250609,20250609_7,"224827,斗地主Doudizhu 4.47.rep",IKILllIII,0,富农,P,地主
20250609,20250609_7,"224827,斗地主Doudizhu 4.47.rep",FFS-no.1,0,贫农,P,地主
20250609,20250609_7,"224827,斗地主Doudizhu 4.47.rep",do''do,0,贫农,T,地主
20250609,20250609_7,"224827,斗地主Doudizhu 4.47.rep",blackdos,0,贫农,T,地主
20250609,20250609_7,"224827,斗地主Doudizhu 4.47.rep",bayberry,0,贫农,Z,地主
20250609,20250609_8,"225546,斗地主Doudizhu 4.47.rep",Xxiaomabaoli,1,地主,P,地主
20250609,20250609_8,"225546,斗地主Doudizhu 4.47.rep",VGer_Whc,1,地主,P,地主
20250609,20250609_8,"225546,斗地主Doudizhu 4.47.rep",lansoov,1,地主,P,地主
20250609,20250609_8,"225546,斗地主Doudizhu 4.47.rep",IKILllIII,0,富农,P,地主
20250609,20250609_8,"225546,斗地主Doudizhu 4.47.rep",do''do,0,贫农,T,地主
20250609,20250609_8,"225546,斗地主Doudizhu 4.47.rep",bayberry,0,贫农,Z,地主
20250609,20250609_8,"225546,斗地主Doudizhu 4.47.rep",FFS-no.1,0,贫农,P,地主
20250609,20250609_8,"225546,斗地主Doudizhu 4.47.rep",blackdos,0,贫农,T,地主
20250609,20250609_9,"232554,斗地主Doudizhu 4.47.rep",VGer_Whc,1,地主,P,地主
20250609,20250609_9,"232554,斗地主Doudizhu 4.47.rep",Xxiaomabaoli,1,地主,P,地主
20250609,20250609_9,"232554,斗地主Doudizhu 4.47.rep",SC==G0D~,1,地主,Z,地主
20250609,20250609_9,"232554,斗地主Doudizhu 4.47.rep",IKILllIII,0,富农,P,地主
20250609,20250609_9,"232554,斗地主Doudizhu 4.47.rep",do''do,0,贫农,T,地主
20250609,20250609_9,"232554,斗地主Doudizhu 4.47.rep",FFS-no.1,0,贫农,Z,地主
20250609,20250609_9,"232554,斗地主Doudizhu 4.47.rep",suaeer,0,贫农,P,地主
20250609,20250609_9,"232554,斗地主Doudizhu 4.47.rep",blackdos,0,贫农,P,地主
20250610,20250610_1,"195750,斗地主Doudizhu 4.47.rep",feifeiht,1,地主,P,地主
20250610,20250610_1,"195750,斗地主Doudizhu 4.47.rep",Luckyy2023,1,地主,P,地主
20250610,20250610_1,"195750,斗地主Doudizhu 4.47.rep",ctrl+Q++Q,1,地主,T,地主
20250610,20250610_1,"195750,斗地主Doudizhu 4.47.rep",FoR_TVSPZ,0,富农,P,地主
20250610,20250610_1,"195750,斗地主Doudizhu 4.47.rep",wuenbin1980,0,贫农,P,地主
20250610,20250610_1,"195750,斗地主Doudizhu 4.47.rep",bao'lixiao'di,0,贫农,P,地主
20250610,20250610_1,"195750,斗地主Doudizhu 4.47.rep",FFS-KaKaRu,0,贫农,T,地主
20250610,20250610_1,"195750,斗地主Doudizhu 4.47.rep",SC==G0D~,0,贫农,Z,地主
20250610,20250610_2,"202325,斗地主Doudizhu 4.47.rep",feifeiht,1,地主,Z,地主
20250610,20250610_2,"202325,斗地主Doudizhu 4.47.rep",SC==G0D~,1,地主,Z,地主
20250610,20250610_2,"202325,斗地主Doudizhu 4.47.rep",Luckyy2023,1,地主,P,地主
20250610,20250610_2,"202325,斗地主Doudizhu 4.47.rep",FoR_TVSPZ,0,富农,P,地主
20250610,20250610_2,"202325,斗地主Doudizhu 4.47.rep",FFS-KaKaRu,0,贫农,Z,地主
20250610,20250610_2,"202325,斗地主Doudizhu 4.47.rep",wudidaJB,0,贫农,T,地主
20250610,20250610_2,"202325,斗地主Doudizhu 4.47.rep",wuenbin1980,0,贫农,P,地主
20250610,20250610_2,"202325,斗地主Doudizhu 4.47.rep",mehdiren,0,贫农,T,地主
20250610,20250610_3,"205524,斗地主Doudizhu 4.47.rep",feifeiht,1,地主,Z,地主
20250610,20250610_3,"205524,斗地主Doudizhu 4.47.rep",SC==G0D~,1,地主,Z,地主
20250610,20250610_3,"205524,斗地主Doudizhu 4.47.rep",FoR_TVSPZ,1,地主,P,地主
20250610,20250610_3,"205524,斗地主Doudizhu 4.47.rep",HeiNai,0,富农,P,地主
20250610,20250610_3,"205524,斗地主Doudizhu 4.47.rep",mehdiren,0,贫农,P,地主
20250610,20250610_3,"205524,斗地主Doudizhu 4.47.rep",DZL-zhi,0,贫农,T,地主
20250610,20250610_3,"205524,斗地主Doudizhu 4.47.rep",spacesys,0,贫农,T,地主
20250610,20250610_3,"205524,斗地主Doudizhu 4.47.rep",ao'tu'man,0,贫农,P,地主
20250610,20250610_4,"204548,斗地主Doudizhu 8R-0.1.rep",lansoov,1,地主,Z,地主
20250610,20250610_4,"204548,斗地主Doudizhu 8R-0.1.rep",wudidaJB,1,地主,T,地主
20250610,20250610_4,"204548,斗地主Doudizhu 8R-0.1.rep",FFS-KaKaRu,1,地主,T,地主
20250610,20250610_4,"204548,斗地主Doudizhu 8R-0.1.rep",jy02626922,0,富农,Z,地主
20250610,20250610_4,"204548,斗地主Doudizhu 8R-0.1.rep",mosuo,0,贫农,P,地主
20250610,20250610_4,"204548,斗地主Doudizhu 8R-0.1.rep",nianqing,0,贫农,P,地主
20250610,20250610_4,"204548,斗地主Doudizhu 8R-0.1.rep",wuenbin1980,0,贫农,P,地主
20250610,20250610_4,"204548,斗地主Doudizhu 8R-0.1.rep",FFS-DBS,0,贫农,T,地主
20250610,20250610_5,"211455,斗地主Doudizhu 8R-0.1.rep",jy02626922,0,地主,Z,农民
20250610,20250610_5,"211455,斗地主Doudizhu 8R-0.1.rep",nianqing,0,地主,P,农民
20250610,20250610_5,"211455,斗地主Doudizhu 8R-0.1.rep",lansoov,0,地主,Z,农民
20250610,20250610_5,"211455,斗地主Doudizhu 8R-0.1.rep",mosuo,1,富农,P,农民
20250610,20250610_5,"211455,斗地主Doudizhu 8R-0.1.rep",wudidaJB,1,贫农,T,农民
20250610,20250610_5,"211455,斗地主Doudizhu 8R-0.1.rep",wuenbin1980,1,贫农,P,农民
20250610,20250610_5,"211455,斗地主Doudizhu 8R-0.1.rep",Luckyy2023,1,贫农,Z,农民
20250610,20250610_5,"211455,斗地主Doudizhu 8R-0.1.rep",zhendeniu,1,贫农,P,农民
20250610,20250610_6,"211008,斗地主Doudizhu 4.47.rep",feifeiht,1,地主,P,地主
20250610,20250610_6,"211008,斗地主Doudizhu 4.47.rep",FoR_TVSPZ,1,地主,P,地主
20250610,20250610_6,"211008,斗地主Doudizhu 4.47.rep",SC==G0D~,1,地主,Z,地主
20250610,20250610_6,"211008,斗地主Doudizhu 4.47.rep",DZL-zhi,0,富农,Z,地主
20250610,20250610_6,"211008,斗地主Doudizhu 4.47.rep",mehdiren,0,贫农,Z,地主
20250610,20250610_6,"211008,斗地主Doudizhu 4.47.rep",FFS-DBS,0,贫农,T,地主
20250610,20250610_6,"211008,斗地主Doudizhu 4.47.rep",ao'tu'man,0,贫农,P,地主
20250610,20250610_6,"211008,斗地主Doudizhu 4.47.rep",FFS-9527,0,贫农,P,地主
20250610,20250610_7,"213434,斗地主Doudizhu 4.47.rep",FoR_TVSPZ,1,地主,P,地主
20250610,20250610_7,"213434,斗地主Doudizhu 4.47.rep",jindou,1,地主,P,地主
20250610,20250610_7,"213434,斗地主Doudizhu 4.47.rep",feifeiht,1,地主,Z,地主
20250610,20250610_7,"213434,斗地主Doudizhu 4.47.rep",TianW,0,富农,P,地主
20250610,20250610_7,"213434,斗地主Doudizhu 4.47.rep",digua,0,贫农,P,地主
20250610,20250610_7,"213434,斗地主Doudizhu 4.47.rep",do''do,0,贫农,Z,地主
20250610,20250610_7,"213434,斗地主Doudizhu 4.47.rep",ao'tu'man,0,贫农,P,地主
20250610,20250610_7,"213434,斗地主Doudizhu 4.47.rep",mehdiren,0,贫农,T,地主
20250610,20250610_8,"214302,斗地主Doudizhu 8R-0.1.rep",FFS-Open-1,1,地主,P,地主
20250610,20250610_8,"214302,斗地主Doudizhu 8R-0.1.rep",mosuo,1,地主,P,地主
20250610,20250610_8,"214302,斗地主Doudizhu 8R-0.1.rep",jy02626922,1,地主,Z,地主
20250610,20250610_8,"214302,斗地主Doudizhu 8R-0.1.rep",Luckyy2023,0,富农,T,地主
20250610,20250610_8,"214302,斗地主Doudizhu 8R-0.1.rep",FFS-9527,0,贫农,P,地主
20250610,20250610_8,"214302,斗地主Doudizhu 8R-0.1.rep",lansoov,0,贫农,Z,地主
20250610,20250610_8,"214302,斗地主Doudizhu 8R-0.1.rep",wuenbin1980,0,贫农,P,地主
20250610,20250610_8,"214302,斗地主Doudizhu 8R-0.1.rep",nianqing,0,贫农,Z,地主
20250610,20250610_9,"220038,斗地主Doudizhu 4.47.rep",SC==G0D~,1,地主,Z,地主
20250610,20250610_9,"220038,斗地主Doudizhu 4.47.rep",IKILllIII,1,地主,P,地主
20250610,20250610_9,"220038,斗地主Doudizhu 4.47.rep",jindou,1,地主,P,地主
20250610,20250610_9,"220038,斗地主Doudizhu 4.47.rep",feifeiht,0,富农,Z,地主
20250610,20250610_9,"220038,斗地主Doudizhu 4.47.rep",FFS-DBS,0,贫农,T,地主
20250610,20250610_9,"220038,斗地主Doudizhu 4.47.rep",spacesys,0,贫农,T,地主
20250610,20250610_9,"220038,斗地主Doudizhu 4.47.rep",ao'tu'man,0,贫农,P,地主
20250610,20250610_9,"220038,斗地主Doudizhu 4.47.rep",digua,0,贫农,P,地主
20250610,20250610_10,"222319,斗地主Doudizhu 4.47.rep",lxllll,1,地主,Z,地主
20250610,20250610_10,"222319,斗地主Doudizhu 4.47.rep",Luckyy2023,1,地主,P,地主
20250610,20250610_10,"222319,斗地主Doudizhu 4.47.rep",jy02626922,1,地主,Z,地主
20250610,20250610_10,"222319,斗地主Doudizhu 4.47.rep",feifeiht,0,富农,Z,地主
20250610,20250610_10,"222319,斗地主Doudizhu 4.47.rep",FFS-DBS,0,贫农,T,地主
20250610,20250610_10,"222319,斗地主Doudizhu 4.47.rep",IKILllIII,0,贫农,P,地主
20250610,20250610_10,"222319,斗地主Doudizhu 4.47.rep",nianqing,0,贫农,P,地主
20250610,20250610_10,"222319,斗地主Doudizhu 4.47.rep",SC==G0D~,0,贫农,Z,地主
20250610,20250610_11,"231423,斗地主Doudizhu 4.47.rep",Luckyy2023,1,地主,P,地主
20250610,20250610_11,"231423,斗地主Doudizhu 4.47.rep",jy02626922,1,地主,Z,地主
20250610,20250610_11,"231423,斗地主Doudizhu 4.47.rep",SC==G0D~,1,地主,Z,地主
20250610,20250610_11,"231423,斗地主Doudizhu 4.47.rep",feifeiht,0,富农,P,地主
20250610,20250610_11,"231423,斗地主Doudizhu 4.47.rep",IKILllIII,0,贫农,P,地主
20250610,20250610_11,"231423,斗地主Doudizhu 4.47.rep",FFS-DBS,0,贫农,P,地主
20250610,20250610_11,"231423,斗地主Doudizhu 4.47.rep",ao'tu'man,0,贫农,T,地主
20250610,20250610_11,"231423,斗地主Doudizhu 4.47.rep",nianqing,0,贫农,P,地主
20250610,20250610_12,"234959,斗地主Doudizhu 4.47.rep",jindou,1,地主,P,地主
20250610,20250610_12,"234959,斗地主Doudizhu 4.47.rep",jy02626922,1,地主,Z,地主
20250610,20250610_12,"234959,斗地主Doudizhu 4.47.rep",IKILllIII,1,地主,P,地主
20250610,20250610_12,"234959,斗地主Doudizhu 4.47.rep",nianqing,0,富农,P,地主
20250610,20250610_12,"234959,斗地主Doudizhu 4.47.rep",Luckyy2023,0,贫农,T,地主
20250610,20250610_12,"234959,斗地主Doudizhu 4.47.rep",do''do,0,贫农,T,地主
20250610,20250610_12,"234959,斗地主Doudizhu 4.47.rep",FFS-DBS,0,贫农,P,地主
20250610,20250610_12,"234959,斗地主Doudizhu 4.47.rep",ao'tu'man,0,贫农,P,地主
20250612,20250612_1,"194952,斗地主Doudizhu 4.47.rep",FoR_TVSPZ,1,地主,P,地主
20250612,20250612_1,"194952,斗地主Doudizhu 4.47.rep",FFS-fly,1,地主,Z,地主
20250612,20250612_1,"194952,斗地主Doudizhu 4.47.rep",feifeiht,1,地主,P,地主
20250612,20250612_1,"194952,斗地主Doudizhu 4.47.rep",VGer_Whc,0,富农,P,地主
20250612,20250612_1,"194952,斗地主Doudizhu 4.47.rep",wuenbin1980,0,贫农,P,地主
20250612,20250612_1,"194952,斗地主Doudizhu 4.47.rep",FFS-Open-1,0,贫农,P,地主
20250612,20250612_1,"194952,斗地主Doudizhu 4.47.rep",do''do,0,贫农,Z,地主
20250612,20250612_1,"194952,斗地主Doudizhu 4.47.rep",nianqing,0,贫农,Z,地主
20250612,20250612_2,"195445,斗地主Doudizhu 4.47.rep",VGer_Whc,1,地主,P,地主
20250612,20250612_2,"195445,斗地主Doudizhu 4.47.rep",FFS-fly,1,地主,Z,地主
20250612,20250612_2,"195445,斗地主Doudizhu 4.47.rep",feifeiht,1,地主,P,地主
20250612,20250612_2,"195445,斗地主Doudizhu 4.47.rep",TianWbts,0,富农,P,地主
20250612,20250612_2,"195445,斗地主Doudizhu 4.47.rep",FFS-Open-1,0,贫农,P,地主
20250612,20250612_2,"195445,斗地主Doudizhu 4.47.rep",wuenbin1980,0,贫农,P,地主
20250612,20250612_2,"195445,斗地主Doudizhu 4.47.rep",do''do,0,贫农,Z,地主
20250612,20250612_2,"195445,斗地主Doudizhu 4.47.rep",nianqing,0,贫农,Z,地主
20250612,20250612_3,"202307,斗地主Doudizhu 4.47.rep",FoR_TVSPZ,1,地主,P,地主
20250612,20250612_3,"202307,斗地主Doudizhu 4.47.rep",VGer_Whc,1,地主,P,地主
20250612,20250612_3,"202307,斗地主Doudizhu 4.47.rep",FFS-fly,1,地主,Z,地主
20250612,20250612_3,"202307,斗地主Doudizhu 4.47.rep",TianWbts,0,富农,P,地主
20250612,20250612_3,"202307,斗地主Doudizhu 4.47.rep",nianqing,0,贫农,P,地主
20250612,20250612_3,"202307,斗地主Doudizhu 4.47.rep",FFS-Open-1,0,贫农,P,地主
20250612,20250612_3,"202307,斗地主Doudizhu 4.47.rep",feifeiht,0,贫农,P,地主
20250612,20250612_3,"202307,斗地主Doudizhu 4.47.rep",Luckyy2023,0,贫农,T,地主
20250612,20250612_4,"203744,斗地主Doudizhu 4.47.rep",VGer_Whc,1,地主,P,地主
20250612,20250612_4,"203744,斗地主Doudizhu 4.47.rep",SC==G0D~,1,地主,Z,地主
20250612,20250612_4,"203744,斗地主Doudizhu 4.47.rep",feifeiht,1,地主,P,地主
20250612,20250612_4,"203744,斗地主Doudizhu 4.47.rep",FFS-fly,0,富农,Z,地主
20250612,20250612_4,"203744,斗地主Doudizhu 4.47.rep",Luckyy2023,0,贫农,T,地主
20250612,20250612_4,"203744,斗地主Doudizhu 4.47.rep",FFS-DBS,0,贫农,P,地主
20250612,20250612_4,"203744,斗地主Doudizhu 4.47.rep",wuenbin1980,0,贫农,P,地主
20250612,20250612_4,"203744,斗地主Doudizhu 4.47.rep",do''do,0,贫农,T,地主
20250612,20250612_5,"210356,斗地主Doudizhu 4.47.rep",FFS-fly,0,地主,P,农民
20250612,20250612_5,"210356,斗地主Doudizhu 4.47.rep",VGer_Whc,0,地主,P,农民
20250612,20250612_5,"210356,斗地主Doudizhu 4.47.rep",lansoov,0,地主,T,农民
20250612,20250612_5,"210356,斗地主Doudizhu 4.47.rep",Luckyy2023,1,富农,P,农民
20250612,20250612_5,"210356,斗地主Doudizhu 4.47.rep",GGrush_Doudizhu,1,贫农,T,农民
20250612,20250612_5,"210356,斗地主Doudizhu 4.47.rep",Quakextm,1,贫农,P,农民
20250612,20250612_5,"210356,斗地主Doudizhu 4.47.rep",wuenbin1980,1,贫农,P,农民
20250612,20250612_5,"210356,斗地主Doudizhu 4.47.rep",do''do,1,贫农,Z,农民
20250612,20250612_6,"213156,斗地主Doudizhu 4.47.rep",Kiss-.-,1,地主,P,地主
20250612,20250612_6,"213156,斗地主Doudizhu 4.47.rep",FFS-fly,1,地主,P,地主
20250612,20250612_6,"213156,斗地主Doudizhu 4.47.rep",lansoov,1,地主,P,地主
20250612,20250612_6,"213156,斗地主Doudizhu 4.47.rep",GGrush_Doudizhu,0,富农,P,地主
20250612,20250612_6,"213156,斗地主Doudizhu 4.47.rep",SC==G0D~,0,贫农,Z,地主
20250612,20250612_6,"213156,斗地主Doudizhu 4.47.rep",FFS-DBS,0,贫农,T,地主
20250612,20250612_6,"213156,斗地主Doudizhu 4.47.rep",FoR_TVSPZ,0,贫农,T,地主
20250612,20250612_6,"213156,斗地主Doudizhu 4.47.rep",do''do,0,贫农,Z,地主
20250612,20250612_7,"214630,斗地主Doudizhu 4.47.rep",lansoov,0,地主,P,农民
20250612,20250612_7,"214630,斗地主Doudizhu 4.47.rep",lxllll,0,地主,Z,农民
20250612,20250612_7,"214630,斗地主Doudizhu 4.47.rep",Kiss-.-,0,地主,Z,农民
20250612,20250612_7,"214630,斗地主Doudizhu 4.47.rep",feifeiht,1,富农,Z,农民
20250612,20250612_7,"214630,斗地主Doudizhu 4.47.rep",GGrush_Doudizhu,1,贫农,Z,农民
20250612,20250612_7,"214630,斗地主Doudizhu 4.47.rep",bao'lixiao'di,1,贫农,T,农民
20250612,20250612_7,"214630,斗地主Doudizhu 4.47.rep",do''do,1,贫农,P,农民
20250612,20250612_7,"214630,斗地主Doudizhu 4.47.rep",SC==G0D~,1,贫农,Z,农民
20250612,20250612_8,"220623,斗地主Doudizhu 4.47.rep",SC==G0D~,0,地主,Z,农民
20250612,20250612_8,"220623,斗地主Doudizhu 4.47.rep",FFS-fly,0,地主,P,农民
20250612,20250612_8,"220623,斗地主Doudizhu 4.47.rep",Luckyy2023,0,地主,P,农民
20250612,20250612_8,"220623,斗地主Doudizhu 4.47.rep",feifeiht,1,富农,Z,农民
20250612,20250612_8,"220623,斗地主Doudizhu 4.47.rep",GGrush_Doudizhu,1,贫农,T,农民
20250612,20250612_8,"220623,斗地主Doudizhu 4.47.rep",lxllll,1,贫农,Z,农民
20250612,20250612_8,"220623,斗地主Doudizhu 4.47.rep",do''do,1,贫农,P,农民
20250612,20250612_8,"220623,斗地主Doudizhu 4.47.rep",spacesys,1,贫农,T,农民
20250612,20250612_9,"221754,斗地主Doudizhu 4.47.rep",GGrush_Doudizhu,0,地主,P,农民
20250612,20250612_9,"221754,斗地主Doudizhu 4.47.rep",FFS-fly,0,地主,P,农民
20250612,20250612_9,"221754,斗地主Doudizhu 4.47.rep",lxllll,0,地主,Z,农民
20250612,20250612_9,"221754,斗地主Doudizhu 4.47.rep",feifeiht,1,富农,Z,农民
20250612,20250612_9,"221754,斗地主Doudizhu 4.47.rep",FFS-DBS,1,贫农,T,农民
20250612,20250612_9,"221754,斗地主Doudizhu 4.47.rep",Luckyy2023,1,贫农,P,农民
20250612,20250612_9,"221754,斗地主Doudizhu 4.47.rep",do''do,1,贫农,P,农民
20250612,20250612_9,"221754,斗地主Doudizhu 4.47.rep",lansoov,1,贫农,T,农民
20250612,20250612_10,"223052,斗地主Doudizhu 4.47.rep",FFS-fly,0,地主,Z,农民
20250612,20250612_10,"223052,斗地主Doudizhu 4.47.rep",Luckyy2023,0,地主,P,农民
20250612,20250612_10,"223052,斗地主Doudizhu 4.47.rep",SC==G0D~,0,地主,Z,农民
20250612,20250612_10,"223052,斗地主Doudizhu 4.47.rep",feifeiht,1,富农,Z,农民
20250612,20250612_10,"223052,斗地主Doudizhu 4.47.rep",lxllll,1,贫农,T,农民
20250612,20250612_10,"223052,斗地主Doudizhu 4.47.rep",FFS-DBS,1,贫农,T,农民
20250612,20250612_10,"223052,斗地主Doudizhu 4.47.rep",do''do,1,贫农,P,农民
20250612,20250612_10,"223052,斗地主Doudizhu 4.47.rep",lansoov,1,贫农,T,农民
